wdzjPlatId,isBroken,amount,avgBidMoney,avgBorrowMoney,bidderNum,borrowerNum,currentLeverageAmount,fullloanTime,incomeRate,loanPeriod,stayStillOfTotal,top10DueInProportion,top10StayStillProportion,totalLoanNum
49,1,7669.61,4.06,49.16,1891,156,6.83,463.15,9.73,6.33,34141.65,10.93,14.22,338
49,1,7586.45,4.64,33.87,1635,224,6.86,385.13,10.41,8.23,34313.95,11.15,12.08,403
49,1,7929.18,4.48,25.33,1769,313,7.08,293.37,10.54,10.58,35375.19,10.97,15.35,509
49,1,8054.71,4.03,19.65,1998,410,7.02,297.71,9.42,6.17,35081.15,10.37,10.67,707
49,1,8774.78,4.51,31.56,1945,278,6.17,353.69,8.5,5.01,30856.97,10.2,9.29,526
49,1,5267.81,3.6,34.89,1464,151,6.13,960.7,9.21,4.79,30630.27,10.43,6.14,279
53,1,41917.3,4.94,27.87,8483,1504,3.89,61.68,10.76,6.55,117812.3,5.71,7.72,13614
53,1,44266.81,5.1,33.61,8676,1317,3.84,64.17,10.52,4.96,116337.33,5.74,5.72,13285
53,1,42804.19,5.38,30.31,7949,1412,3.8,58.41,10.49,4.82,115127.52,5.75,5.41,13408
53,1,33764.94,4.33,24.49,7804,1379,3.89,88.84,11.21,6.99,117865.5,5.48,5.19,9791
53,1,36241.54,4.87,14.73,7444,2461,4.2,153.93,12,6.92,127241.1,5.39,1.05,5587
53,1,39430.67,4.42,18.41,8911,2142,4.55,115.52,11.67,6.75,137973.76,4.98,1.04,5420
53,1,34828.55,4.45,21.51,7823,1619,4.61,143.6,11.35,7.46,139610.74,4.8,0.73,4513
53,1,18034.46,2.87,13.72,6293,1314,4.57,121.46,10.87,7.02,138380.44,4.88,0.72,3836
53,1,20321.84,3.33,18.7,6100,1087,4.44,147.82,11.87,5.01,134554.65,5.11,1.5,4115
91,1,609665.76,3.15,15.6,193566,39089,153.38,24.23,9.65,7.19,1578702.64,0.97,1.54,127316
91,1,657898.44,3.03,18.97,216812,34676,122.95,22.28,9.63,5.44,1265550.02,0.73,1.36,141883
91,1,611120.65,2.67,15.34,228527,39844,123.95,26.48,9.13,7.78,1275809.73,0.57,1.2,124975
91,1,470303.93,1.99,11.89,235886,39556,113.01,15.57,9.85,12.4,1163233.38,0.6,1.04,76882
91,1,358158.34,1.64,8.08,218927,44352,112.2,2.22,10.38,20.91,1154885.28,0.54,0.83,45070
91,1,180663.44,1.06,8.71,170509,20751,113.11,3.82,10.49,21,1164228.64,0.58,0.26,20969
91,1,197432.13,0.83,8.71,239054,22674,119.5,1.47,10.6,22.08,1230015.86,0.52,0.24,23255
91,1,203849.73,0.83,8.93,244151,22834,130.24,0.28,10.61,22.69,1340599.04,0.53,0.18,23368
91,1,214207.22,0.86,9.26,249593,23122,141.16,1.36,10.58,22.22,1452922.89,0.49,0.15,23780
91,1,214016.77,0.84,9.64,255278,22200,151.6,7.44,10.56,21.79,1560428.73,0.47,0.1,23150
91,1,161820.1,0.69,6.14,233628,26340,150.64,696.25,10.6,21.12,1550552.2,0.52,0.07,39353
91,1,563135.84,2.89,26.65,194558,21132,139.22,122.8,14.08,3.21,1432940.99,0.51,0.08,247362
92,1,14379.5,4.39,35.77,3273,402,24.71,314.15,9.19,9.66,123526.12,7.31,14.24,2956
97,1,30552.67,3.82,0.23,8007,130420,74.97,2.8,12.4,7.61,150687.89,7.66,1,140111
97,1,34632.49,4.34,0.2,7980,169500,56.51,2.19,12.48,6.8,113589.64,7.45,1.47,174922
97,1,31499.99,4.09,0.21,7705,147475,73.51,2.61,12.4,6.4,147759.21,6.89,0.92,152202
97,1,10442,2.02,0.24,5159,43567,67.58,4.35,12.29,6.27,135827.41,7.24,0.99,43670
97,1,10800.57,2.01,2.43,5380,4442,65.01,20.45,13.27,13.35,130667.65,7.5,1.05,4563
97,1,3865.07,1.09,0.87,3553,4441,80.56,15.7,13.42,12.79,161923.3,6.77,0.84,4459
97,1,11022.91,2.09,0.85,5273,12921,59.43,7.17,13.39,12.06,119446.47,7.14,1.1,13044
97,1,11318.58,1.96,0.93,5766,12142,50.08,34.03,13.43,12.62,100661.45,7.37,1.26,12200
97,1,13368.32,2.23,0.56,6008,24039,50.28,42.26,12.49,11.68,101061.76,7.23,1.21,24287
97,1,13767.17,2.32,0.63,5937,22004,49.35,4.95,12.7,13.93,99192.01,7.46,1.18,23386
102,1,12144.45,5.45,12.93,2229,939,6.23,45.28,10.66,3.95,31159.86,12.7,5.58,1102
102,1,8825.14,4.74,13.6,1862,649,5.63,43.8,10.77,4.22,28134,12.65,5.97,754
102,1,13390.6,6.93,16.59,1933,807,6.16,33.15,10.45,3.66,30813.21,11.2,5.11,997
102,1,14689.3,8.99,18.76,1634,783,6.4,28.8,10.39,3.5,31987.22,12.1,5.89,1001
102,1,12770.36,8.37,22.52,1526,567,6.06,69.28,11.74,5.02,30315.17,10.24,4.9,654
102,1,8246.54,7.25,26.95,1138,306,5.73,76.76,11.04,3.87,28652.95,10.22,4.33,315
102,1,11712.9,8.64,22.83,1355,513,5.57,82.44,11.61,4.76,27845.13,10.76,3.71,529
102,1,9420.2,7.76,47.82,1214,197,5.23,164.32,11.59,4.6,26173.21,11.3,3.82,203
102,1,11751.2,7.52,46.63,1562,252,5.54,305.74,11.55,4.74,27720,9.53,3.61,256
117,1,26830.33,4.44,66.58,6048,403,13.89,393.18,10.36,6.21,138929.43,7.33,36.97,1105
117,1,15807.53,3.91,41.27,4046,383,13.49,153.69,10.46,5.02,134854.6,7.46,37.75,1193
117,1,25899.25,5.01,41.64,5173,622,14.3,135.79,10.63,5.86,143030.77,7.15,41.74,1766
117,1,20625.69,4.69,31.25,4400,660,13.31,130.94,10.47,5.13,133074.05,7.91,39.66,1715
117,1,14334.99,3.98,34.46,3605,416,11.73,184.38,10.54,5.41,117304.86,7.93,41.5,1340
117,1,14420.95,3.58,47.91,4028,301,11.88,364.8,10.72,6.44,118772.1,7.59,40.49,758
118,1,4094,2.47,89,1660,46,4.85,1359.82,10.78,6.49,24226.78,13.88,11.57,100
118,1,3160,3.44,87.78,919,36,4.86,1750.9,11.26,8.37,24285.36,14.04,10.36,70
118,1,2820,2.65,90.97,1064,31,4.88,2334.58,11.44,8.33,24379.32,13.8,10.24,67
118,1,3200,3.42,91.43,937,35,4.84,2274.04,12.37,9,24206.73,13.95,8.24,57
120,1,4081.24,4.32,28.94,944,141,3.84,67.05,11.61,5.9,19190.6,11.05,21.43,151
120,1,3238.6,3.39,21.74,956,149,3.62,38.77,11.16,4.74,18108.73,11.55,21.12,154
120,1,3973.93,4.23,20.7,939,192,3.63,63.16,11.28,4.93,18171.31,13.3,20.6,197
120,1,4732.88,4.53,19.64,1044,241,2,24.61,10.95,3.87,9997.26,15.11,22.89,252
127,1,79643.88,2.99,307.51,26606,259,22.27,127.9,12.28,4.96,334083.87,2.42,3.55,4406
127,1,90672.5,3.15,266.68,28761,340,23.79,125.16,12.34,4.84,356813.05,2.37,3.19,4970
127,1,93015.13,3.33,244.78,27922,380,25.21,121.3,12.45,5.04,378080.34,2.28,2.95,4852
127,1,89933.38,3.09,249.81,29106,360,25.79,131.38,12.41,4.88,386820.84,2.25,2.83,4666
154,1,33222.88,3.4,15.14,9773,2194,19.77,151.74,11.52,4.53,98831.26,6.46,0.54,2194
154,1,33224.09,3.52,16.69,9440,1991,21.28,148.57,11.35,3.85,106405.85,6.15,0.5,1991
154,1,46109.07,4.14,15.35,11141,3003,25.14,175.68,11.68,4.68,125685.01,5.1,0.47,3003
154,1,43901.07,3.79,15.88,11595,2765,26.46,201.5,11.41,3.86,132297.43,5.01,0.44,2765
154,1,41183.95,3.65,14.02,11289,2937,24.77,117.03,11.64,4.13,123865.12,4.65,0.45,2937
154,1,42479.12,4.14,12.72,10269,3340,26.9,112.18,11.86,5.77,134483.67,4.53,0.25,3340
171,1,9004.15,2.84,95.79,3165,94,9.97,1313.83,10.21,6.06,59809.39,11.94,2.07,125
171,1,9050,2.61,90.5,3469,100,10,1310.06,10.52,6.35,59994.85,11.66,2.23,118
171,1,7100,2.57,88.75,2766,80,9.68,1313.34,10.5,6.27,58067.73,13.12,2.3,90
171,1,9800,4.69,86.73,2088,113,10,1422.21,10.6,6.41,59979.34,12.98,2.22,113
171,1,8200,5.07,93.18,1618,88,9.44,1313.27,10.76,6.77,56664.75,13.28,2.56,125
171,1,10150,4.37,98.54,2323,103,9.66,918.09,10.16,6.12,57959.73,13.06,1.9,144
171,1,9000,5.27,98.9,1707,91,9.59,1299.92,10.38,6.42,57550.27,13.12,1.91,119
171,1,11800,7.52,100,1569,118,9.78,1214.66,10.22,5.78,58700.16,13.17,1.87,124
171,1,8650,5.24,99.43,1650,87,9.8,1611.73,10.67,7.43,58800.42,12.95,1.87,100
171,1,9900,6.26,101.02,1581,98,9.81,1339.58,10.61,9.52,58851.01,12.15,2.04,116
171,1,10756,1.83,99.59,5886,108,9.92,1046.41,10.22,7.52,59507.21,13.35,1.85,164
171,1,10399.9,7.9,99.05,1317,105,9.89,1062.37,12.48,5.75,59310.7,13.6,1.69,154
171,1,11798,8.51,97.5,1386,121,10.13,1009.55,12.41,6.12,60779.88,14.27,1.65,200
173,1,14708.8,2.72,474.48,5415,31,2.38,1895.24,10.24,6.5,47640.71,3.94,47.55,180
173,1,17296,2.63,411.81,6572,42,2.74,1442.32,10.29,6.07,54740.79,3.81,39.72,212
173,1,17264,3.1,479.56,5574,36,3.07,1044.82,10.2,5.64,61359.34,3.61,38.2,210
175,1,40799.47,5.44,458.42,7500,89,15.45,570.93,10.17,4.15,171669.18,6.18,19.03,446
175,1,38737.91,5.35,578.18,7243,67,15.57,511.23,10.26,4.49,172973.26,6.14,18.7,413
175,1,40365.5,5.42,593.61,7448,68,15.55,268.55,10.22,4.43,172728.36,6.05,19.14,416
175,1,38704.07,5.15,460.76,7510,84,15.57,487.6,10.16,4.42,172968.8,5.8,18.75,419
175,1,39869,5.74,198.35,6940,201,15.34,479.43,10.22,5.07,170460.82,5.65,15.84,475
175,1,36556.5,5.45,89.6,6713,408,15.49,472.63,10.41,6.36,172137.56,5.65,14.74,409
175,1,36755.43,5.16,91.89,7126,400,15.55,628,10.42,6.21,172744.38,5.58,13.74,401
175,1,38600.93,5.6,56.19,6890,687,16.04,329.03,10.18,4.94,178265.9,5.5,12.02,687
195,1,2292,2.61,23.88,877,96,0.58,320.12,13.6,4.47,2923.15,12.13,31.3,141
195,1,1744.7,2.24,23.9,780,73,0.58,847.87,14.09,5.85,2876.13,14.73,34.77,104
195,1,1816.15,2.18,19.96,832,91,0.72,121.68,13.06,3.92,3576.24,12.84,27.96,125
195,1,2649.2,2.77,26.49,957,100,0.98,295.7,13.79,5.03,4918.77,12.01,20.33,150
195,1,1711.06,2.17,46.24,787,37,1.03,929,14.3,6.56,5138.18,14.27,19.46,72
195,1,1875.46,2.77,72.13,678,26,1.22,76.23,15.32,9.81,6118.09,15.64,16.35,58
201,1,5573.08,10.04,265.38,555,21,8.49,999.53,12.13,2.78,16979.08,21.48,59.06,57
201,1,4504.66,9.42,225.23,478,20,8.23,226.6,12.17,2.87,16462.6,21.45,58.25,44
201,1,4836.96,10.4,210.3,465,23,8.23,191.2,11.92,3.15,16451.51,22.22,57.66,47
211,1,150100.82,4.22,77.25,35569,1943,55.15,239.85,10.72,4.97,551534.23,2.22,4.01,2503
211,1,124527.5,3.67,75.47,33889,1650,57.7,291.46,10.79,5.26,577004.13,2.29,3.8,2174
211,1,107052.52,3.13,75.07,34252,1426,59.07,355.02,10.24,3.24,590704.23,2.29,3.68,1812
211,1,213041.52,5.3,84.07,40197,2534,66.64,251.82,10.63,4.92,666377.81,2.72,3.17,2931
216,1,77063.04,10.66,277.21,7231,278,20.59,113.1,8.57,1.29,102940.9,4.86,8.28,2913
216,1,75959.79,10.71,155.66,7091,488,19.64,11.42,8.51,1.18,98220.51,4.91,10.1,30936
216,1,112225,15.6,27.6,7192,4066,22.37,5.03,8.28,0.94,111847.02,5.48,18.4,144233
216,1,92187.15,12.9,295.47,7144,312,21.3,22.53,8.42,1.03,106504.94,5.36,15.05,39931
217,1,8178.5,3.29,8.91,2483,918,6.26,2120.02,12.85,8.13,31306.52,6.52,28.97,230
217,1,6180.9,2.79,6.62,2214,934,6.82,2338.04,12.69,7.13,34093.75,6.43,23.6,163
217,1,6700.81,2.71,6.99,2469,958,6.86,2103.75,12.35,7.06,34300.11,6.89,19.14,216
217,1,6034.7,2.49,9.01,2426,670,6.78,1230.38,11.9,7.27,33916.75,7.27,13.34,232
220,1,4974.14,5.89,12.07,844,412,5.55,78.97,13.26,3.76,13919.59,38,5.14,1440
220,1,5291.32,4.72,14.22,1122,372,5.73,97.18,13.25,4.44,14378.17,29.41,5.54,1474
220,1,5909.88,4.32,14.63,1367,404,6.33,121.22,12.37,6.25,15897.39,26.95,5.33,1556
220,1,6604.94,4.69,10.83,1408,610,6.94,110.79,12.84,9.88,17417.26,29.16,4.36,1472
220,1,5229.64,3.76,10.99,1392,476,3.52,146.71,12.72,8.89,17667.14,31.64,4.71,1152
220,1,2402.89,2.69,9.54,894,252,3.2,138.93,11.88,5.07,16076.73,31.82,4.56,815
220,1,4909.54,3.71,10.45,1324,470,3.32,83.5,12.88,10.33,16680.96,31.63,4.44,1009
220,1,3243.37,2.71,9.37,1199,346,3.35,117.76,13.4,9.62,16831.82,32.88,3.82,368
220,1,2479.78,3.11,9.25,798,268,2.96,67.47,12.89,4.72,14844.14,33.43,3.52,270
236,1,24496.86,3.59,75.37,6821,325,13.56,521.35,11.41,4.21,94914.75,6.16,1.47,325
236,1,24393.46,3.32,75.29,7350,324,13.13,596.08,11.15,4.31,91878.74,5.58,1.48,324
236,1,24253.51,3.57,68.9,6785,352,12.68,500.98,11.07,4.58,88769.57,5.83,1.39,352
236,1,25977.75,3.75,53.56,6927,485,12.69,559.21,10.98,4.5,88802.46,6.99,1.44,485
236,1,31771.9,4.28,50.84,7423,625,13.02,453.93,11.39,4.74,91150.45,7.81,1.45,625
245,1,14538.3,3.04,35.37,4790,411,9.82,545.52,13.8,11.74,98244.13,8.48,4.83,1036
245,1,16804.5,3.1,39.26,5425,428,10.37,453.52,13.89,11.23,103725.45,8.32,4.53,1153
245,1,13628,2.7,24.87,5045,548,10.64,533.58,13.37,9.87,106371.4,8,4.37,1067
245,1,17897.2,3.29,41.05,5433,436,11.31,432.25,14.28,13.5,113054.22,8.14,3.78,1238
245,1,13251.9,2.84,38.52,4665,344,10.03,662.28,13.57,12.13,100284.69,7.97,3.57,967
246,1,12891.68,3.6,9.6,3581,1343,26.54,214.95,11.74,9.2,66358.52,13.24,1.56,1365
246,1,10832.76,3.07,11.28,3528,960,27,292.56,11.5,9.06,67512.2,13.05,1.94,1035
246,1,12516.02,3.16,14.22,3961,880,27.69,278.99,11,7.54,69221.37,12.67,3.51,1039
246,1,17532.17,3.56,10.9,4930,1609,29.47,140.65,11.41,8.62,73672.41,14.14,1.67,1770
246,1,14150.5,3.82,8,3703,1769,28.18,60.23,12,10.38,70446.97,14.85,1.26,1837
246,1,9360.62,2.58,8.88,3633,1054,28.49,43.77,11.53,8.46,71232.74,14.77,1.22,1098
246,1,12805.72,2.96,8.26,4326,1550,28.29,45.77,9.75,7.14,70716.1,14.93,1.6,1761
246,1,11288.8,3.1,9.22,3638,1224,28.06,76.31,9.59,7.56,70156.54,15.57,1.42,1415
246,1,8430.71,2.56,11.35,3296,743,26.64,203,8.94,5.3,66598.55,15.95,1.51,822
264,1,1525.37,0.45,3.76,3365,406,0.88,390.14,11.24,5.83,4393.32,43.51,4.76,409
264,1,2008.41,0.74,3.5,2729,574,1.01,227.44,10.83,4.96,5033.1,48.05,4.2,574
310,1,4280.22,6.82,13.25,628,323,0,194.7,13.84,1.77,11209.57,24.05,8.92,390
310,1,4878.17,8.01,13.33,609,366,2.35,208.38,13.96,2.14,11741.75,25.48,9.67,417
333,1,7213.3,5.5,93.68,1312,77,5.28,12.35,13.21,4.01,26399.16,12.49,23.88,340
333,1,6832.1,5.36,103.52,1274,66,5.51,17.23,12.94,3.68,27533.99,12.7,24.11,314
333,1,8229,6.03,111.2,1364,74,5.82,42.68,13.12,3.92,29103.56,11.06,25.43,405
333,1,8335,7.64,117.39,1091,71,6.05,46.9,13.05,3.78,30240.04,10.65,28.67,472
339,1,49611.97,4.7,92.39,10557,537,12.45,139.79,11.11,7.24,249067.82,3.15,16.16,4042
339,1,43649.78,4.31,67.67,10136,645,12.67,199,10.53,7.69,253474.44,3.09,15.42,2070
339,1,25537.44,3.91,50.07,6530,510,12.51,306.4,10.39,7.22,250124.28,3.37,14.91,1167
339,1,24068.1,3.49,96.66,6894,249,12.5,803.59,10.8,8.09,250070.57,3.43,14.79,249
341,1,37165.75,2.11,27.39,17599,1357,11.1,82.59,10.26,2.43,110966.06,4.36,3.38,1361
341,1,38876.23,2.17,27.57,17896,1410,11.06,85.03,10.31,2.55,110649.36,4.32,2.71,1413
341,1,41139.36,2.26,29.01,18200,1418,11.33,79.47,10.31,2.61,113329.49,4.67,2.16,1431
341,1,28815.9,2.28,30.33,12645,950,10.58,106.91,10.32,2.93,105815.94,4.46,2.16,952
368,1,6682.97,2.28,9.28,2929,720,8.68,268.86,13.02,7.16,32558.1,9.05,2.9,759
368,1,6784.5,2.22,9.45,3050,718,8.76,309.22,12.65,6.39,32858.55,8.63,2.66,813
371,1,7848.02,3.17,9.93,2475,790,61.22,26.75,16.02,17.51,61219.47,7.11,2.53,807
371,1,8735.85,2.95,11.21,2957,779,63.69,98.87,16.49,19.77,63689.2,6.71,2.39,791
371,1,10169.97,3.38,11.72,3008,868,67.48,123.28,16.74,19.27,67478.54,6.41,1.89,881
371,1,8857.81,3.17,12.17,2791,728,70.15,142.12,16.87,19.97,70146.87,6.19,1.6,801
371,1,11139.03,3.52,10.78,3165,1033,75.4,81.12,16.36,18.28,75398.28,5.92,1.41,1124
371,1,4871.9,2,9.39,2432,519,74.19,198.1,14.21,18.26,74190.74,5.83,1.38,532
371,1,4790.95,1.93,10.19,2484,470,72.55,104.73,13.93,15.5,72554.61,5.67,1.39,498
371,1,3058.92,1.63,13.97,1882,219,69.35,56.93,14.27,18.92,69345.48,5.67,1.4,248
387,1,28878.7,6.55,82.75,4406,349,26.18,4.21,10.99,1.64,52369.1,20.26,13.74,1402
387,1,31369.8,6.89,105.62,4553,297,25.48,5.52,10.98,1.61,50967.12,15.09,13.01,1422
387,1,31692.7,7.54,99.04,4204,320,26.29,9.4,10.5,1.68,52576.67,18.95,10.91,1421
387,1,35467.1,8.38,82.29,4233,431,28.59,4,10.5,1.7,57181.85,24.99,11.35,1688
387,1,34209.7,8.04,41.62,4253,822,29.54,3.48,10.51,1.73,59075.45,23.37,9.84,1711
396,1,13170,2.44,8.42,5392,1564,9.46,230.81,9.84,7.55,47277.28,10.81,18.17,588
396,1,6660,3.85,7.18,1732,928,6.85,531.84,10.14,7.36,34238.43,13.83,13.85,276
396,1,8640.29,3.23,6.84,2673,1264,6.94,387.41,10,9.41,34679.71,13.76,16.41,465
396,1,5953.42,4.27,6.23,1395,956,6.66,667.73,9.47,7.62,33322.12,12.9,18.11,321
427,1,3333.5,6.27,28.01,532,119,1.26,45.36,11.15,5.89,12630.73,10.93,8.83,247
427,1,4252.8,5.75,36.66,739,116,1.39,55.81,10.56,4.59,13859.34,10.07,10.86,273
427,1,3753,6.96,34.12,539,110,1.41,67.01,10.88,5.09,14123.2,9.39,7.91,231
427,1,3198.2,7,24.23,457,132,1.45,47.51,11.31,5.96,14473.83,9.85,7.63,222
427,1,3415,5.77,16.99,592,201,1.44,151.1,11.72,6.78,14371.5,9.19,8.35,207
427,1,1239,7.12,21.36,174,58,1.29,164.75,11.5,5.99,12920.67,10.64,7.74,58
427,1,945.5,2.8,4.82,338,196,1.19,80.74,11.36,5.65,11919.22,12.38,8.39,196
427,1,1011,4.2,2.12,241,478,1.07,56.91,12,7.16,10673.35,14.28,9.37,478
427,1,784.1,3.73,1.97,210,399,0.98,135.85,11.82,6.53,9775.42,13.87,10.23,399
427,1,545.3,3.12,1.42,175,384,0.89,98.72,11.63,5.76,8907.74,15.16,11.23,384
430,1,10099.43,2.5,29.36,4032,344,6.77,234.4,8.38,6.39,67738.76,7.81,29.61,793
430,1,14279.75,3.32,43.54,4303,328,6.57,228.06,8.01,6.21,65689.26,7.14,31.09,732
430,1,18281.31,3.25,55.4,5618,330,7.07,255.22,8.42,6.36,70680,6.79,29.86,1063
430,1,13783.31,2.25,42.28,6132,326,7.62,236.72,8.84,6.41,76172.37,6.04,28.81,1135
435,1,6717.25,1.8,9.86,3739,681,16.01,893.69,12.23,9.28,35564.8,10.38,1.6,685
435,1,5305.51,1.64,9.37,3227,566,16.09,838.32,12.56,10.36,35753.14,11.43,1.79,570
435,1,5563.48,1.81,9.17,3070,607,16.82,983.36,12.79,11.41,37381.2,12.4,1.69,608
435,1,5668.55,1.78,9.26,3176,612,17.25,1084.31,12.43,10.37,38320.02,12.41,1.54,650
435,1,5261.46,1.81,8.68,2901,606,15.58,784.13,12.54,10.7,34616.04,12.15,1.45,666
435,1,3025.72,1.46,9.14,2076,331,14.84,752.01,11.76,8.87,32984.67,12.03,1.47,363
435,1,7024.64,2,8.76,3514,802,15.28,254.82,11.96,10.23,33961.8,11.04,1.62,865
435,1,5433.53,1.64,8.05,3305,675,15.29,311.52,11.83,9.35,33985.35,11.25,1.61,690
435,1,3730.5,1.44,9.92,2588,376,14.73,528.46,11.33,8.51,32738.06,10.81,1.6,380
435,1,2777.53,1.18,10.21,2346,272,13.68,785.93,10.64,4.79,30395.35,10.92,1.73,279
435,1,2084.81,1.68,7.34,1242,284,12.5,1189.17,10.52,3.89,27785.18,12.51,1.68,286
435,1,1063.94,1.76,0.51,603,2072,11.29,119.31,10.65,3.9,25088.24,12.11,1.78,2073
435,1,1191.56,1.79,0.23,666,5253,10.04,25.2,10.56,3,22311.47,12.51,1.65,5275
440,1,48050.06,4.15,85.65,11569,561,82.42,585.96,7.29,4.59,247265.13,2.29,18.57,837
440,1,45731.23,3.93,83,11644,551,79.5,600.67,7.31,4.28,238491.21,2.31,21.06,824
440,1,36812.14,3.98,82.91,9239,444,72.12,774.07,7.46,4.01,216362.1,2.53,23.25,696
440,1,65846.59,5.11,126.87,12893,519,76.47,566.99,8,5.27,229420.54,2.44,23.28,888
443,1,14751.42,2.79,16.12,5286,915,42.23,68882.47,9.81,13.01,84462.92,9.13,1.28,917
443,1,20102.59,2.95,17.85,6809,1126,44.97,44630.37,9.64,12.07,89934.45,12.89,1.28,1149
443,1,14866.47,2.51,20.31,5920,732,48.45,39623.34,9.7,8.84,96898.94,15.22,1.19,744
443,1,8505.64,1.7,23.43,4990,363,17.37,52305.33,6,7.66,93133.93,16.99,1.15,366
447,1,48118.23,5.36,28.24,8977,1704,20.82,110.1,12.8,10.93,166582.09,1.68,1.21,1711
447,1,32928.98,4.1,25.06,8026,1314,24.44,163.33,12.82,11.75,195537.34,1.53,0.78,1314
447,1,47389.3,5.6,24.41,8459,1941,30.17,143.18,12.96,12.11,241327.23,1.37,0.57,1941
447,1,48500.3,5.42,28.99,8952,1673,35.76,149.98,12.97,11.47,286069.72,1.97,0.35,1673
460,1,54507.6,3.38,23.63,16104,2307,34.14,173.54,9.82,8.01,375536.61,3.16,9.65,4381
460,1,29642.49,2.46,13,12048,2281,33.17,124.29,11.34,11.48,364859.5,3.22,7.79,4692
460,1,26923.53,2.74,13.45,9817,2002,33.04,118.93,11.2,10.67,363431.04,3.28,5.24,3710
460,1,34780.06,2.65,13.53,13114,2571,33.97,112.84,10.04,7.52,373691.38,3.28,2.03,5091
460,1,25732.48,2.33,40.65,11049,633,28.91,263.75,10.13,6.43,318013.89,3.27,0.31,738
460,1,33400,3.62,100.3,9224,333,30.3,235.55,10.69,8.09,333275.7,3.08,0.93,334
467,1,57946.98,7.73,376.28,7496,154,23.8,290.52,11.14,6.36,261760.57,6.24,74.2,255
467,1,33033.7,5.22,211.75,6332,156,22.54,525.07,11.09,6.57,247980.28,6.54,69.18,218
467,1,45364.84,4.17,157.52,10882,288,22.94,460.16,10.92,6.47,252364.95,6.72,59.38,435
467,1,46350.79,4.1,115.3,11305,402,23.25,335.69,10.93,6.38,255804.76,6.78,55.28,525
467,1,33259.5,3.43,19.56,9687,1700,22.28,335.12,10.13,7.07,245034.55,6.53,57.08,1722
467,1,38282.13,5.23,16.4,7325,2334,22.34,271.5,9.98,8.14,245776.07,6.38,51.43,2456
467,1,52783.54,6.32,16.81,8354,3140,21.5,209.82,10,8.34,236497.34,6.48,41.14,3432
467,1,31569.61,4.66,14.66,6774,2154,21.07,429.07,9.58,6.7,231731.27,6.62,36.96,2350
467,1,33715.53,4.17,15.17,8078,2222,20.06,459.02,9.56,6.84,220647.58,6.43,25.33,2492
474,1,5494,53.86,56.64,102,97,15.59,475.69,11.5,1.41,7794.54,51.86,7.85,97
474,1,4756,49.03,56.62,97,84,14.23,334.96,11.5,1.45,7113.64,51.61,9.44,85
474,1,5668,42.62,56.12,133,101,15.77,426.73,11.5,1.41,7884.22,48.89,7.76,101
474,1,5478,44.9,56.47,122,97,15.74,429.68,11.5,1.39,7870.78,38.53,7.77,97
474,1,5457,46.25,57.44,118,95,15.25,385.14,11.5,1.37,7625.87,50.16,10.23,97
475,1,4611.35,4.36,35.47,1058,130,0,138.77,13.62,4.69,17154.76,10.77,12.91,370
475,1,5203.92,4.52,44.1,1152,118,0,323.49,13.52,5.41,18073.73,11.47,17.18,386
475,1,5228.68,4.11,33.3,1272,157,1.87,369.24,12.69,6.07,18688.82,11.52,15.74,481
475,1,5319.43,4.36,30.05,1219,177,1.88,439.15,12.75,6.42,18755.94,10.9,15.12,435
475,1,5379.37,4.93,24.68,1091,218,1.91,270.17,14.16,6.75,19115.23,12.88,14.13,520
475,1,5016.21,4.61,30.59,1089,164,10.05,249.89,13.46,5.57,20103.17,13.03,12.76,407
475,1,4246.43,4.28,23.2,992,183,9.76,83.45,12.2,5.91,19511.42,13.09,11.47,410
475,1,5114.23,4.69,27.06,1090,189,9.87,311.03,12.42,5.62,19743.77,13.1,9.35,472
475,1,4706.83,4.67,25.58,1008,184,9.67,325.93,12.56,5.25,19333.92,13.37,7.56,429
475,1,4574.68,4.67,30.7,980,149,9.8,381.81,12.73,5.79,19592.2,13.11,5.46,419
500,1,35071.79,3.64,20.11,9633,1744,19.72,250.16,10.13,7.31,247844.34,2.75,8.57,1744
500,1,32453.94,3.36,19.68,9660,1649,20.43,312.82,10.1,7.01,256691.34,2.81,8.19,1649
500,1,35500.03,3.74,22.8,9493,1557,24.44,287.78,9.7,6.29,307105.72,2.71,0.33,1557
500,1,31300.37,4.14,19.04,7563,1644,24.78,272.95,11.52,10.18,311378.81,2.8,0.32,1644
500,1,32905.06,4.23,19.47,7775,1690,25.73,384.18,11.68,10.66,323316.29,2.72,0.31,1690
500,1,42556.71,3.98,17.53,10692,2427,27.7,300.53,11.53,10.13,348061.81,2.38,0.29,2427
511,1,6173.63,5.82,21.89,1061,282,9.42,285.47,15.24,8.3,28272.95,13.59,7.51,768
511,1,5633.23,5.5,19.1,1025,295,9.78,354.53,14.81,10.65,29347.93,13.38,5.19,689
511,1,6372.92,5.4,21.68,1180,294,10.28,649.63,14.43,6.85,30844.74,13.63,5.07,654
511,1,6773.3,4.93,23.93,1374,283,10.61,521.16,14.14,5.46,31831.13,13.39,4.82,649
511,1,7471.85,6.73,26.13,1110,286,9.12,307.72,14.74,7.32,27348.85,12.35,4.75,692
511,1,5238.38,5.23,23.39,1002,224,9.25,416.29,14.73,9.64,27750.93,11.86,4.69,347
511,1,8288.48,6.29,47.91,1317,173,9.47,507.61,13.8,3.24,28420.2,11.69,4.58,400
511,1,8210.95,7.17,42.77,1145,192,9.45,393.98,14.22,4.13,28339.68,11.58,3.53,689
511,1,7738.61,5.64,17.51,1372,442,9.73,472.75,14.37,4.79,29192.01,11.28,3.45,608
511,1,6402.89,5.34,16.05,1200,399,9.69,470.8,14.2,4.3,29065.3,11.22,3.44,541
511,1,6196.63,5.02,18.17,1234,341,9.46,310.51,8.81,9.38,28366.83,11.55,3.52,488
511,1,3607.09,4.03,13.36,895,270,9.29,243.78,6.02,11.24,27864.59,11.74,3.59,302
511,1,5657.19,5.05,12.46,1121,454,10.47,79.22,6,8.75,31420.44,11.87,3.11,460
511,1,1164.54,2.28,13.86,511,84,10.01,494.78,6,12,30016.9,12.19,3.12,89
511,1,1207.32,2.39,12.71,505,95,9.78,416.17,6,12,29336.9,12.34,3.13,97
511,1,686.2,1.97,4.57,349,150,9.51,279.87,6,12,28521.05,12.46,3.12,150
511,1,5296.52,5.48,11.56,966,458,10.82,84.3,6,10.15,32463.69,12.39,2.74,458
511,1,0,0,0,0,0,10.55,0,0,0,31652.61,12.61,2.81,0
511,1,215.92,2.02,10.28,107,21,10.37,4028.17,6,12,31116.38,12.59,2.86,21
533,1,2628,3.19,19.76,824,133,6.1,653.54,10.31,6.46,18291.35,25.39,5.78,134
533,1,3610,4.52,19.2,799,188,6.04,812.02,10.44,6.62,18132.2,25.34,5.03,188
533,1,2444,3.03,18.95,807,129,6.19,1195.22,10.42,6.45,18577.53,24.44,4.91,129
574,1,24361,6.72,609.03,3623,40,8.73,108.99,12.4,2.54,43639.29,7.6,49.06,1365
574,1,26966,5.79,657.71,4661,41,10.06,121.99,11.67,2.08,50292.91,7.53,43.17,1366
574,1,26643,4.95,619.6,5382,43,10.56,135.83,11.17,1.67,52789.49,6.7,39.05,1208
574,1,34628,6.13,769.51,5645,45,11.16,90.72,11.79,2.05,55775.65,7.74,37.18,1829
575,1,4876.05,4.28,27.09,1139,180,2.49,301.8,12.44,3.03,12435.93,19.97,8.29,244
575,1,3097.8,3.23,24.59,958,126,2.47,667.22,12.38,3.12,12326.19,18.86,8.11,152
575,1,4621.25,3.63,24.98,1272,185,2.61,533.94,12.82,3.28,13057.72,18.32,8.03,227
575,1,5960,4.3,29.95,1385,199,2.8,272.94,12.66,3.13,14023.33,19.65,7.13,274
575,1,4567.1,3.54,25.66,1290,178,2.85,638.61,12.6,3.19,14249.89,19.81,7.01,216
575,1,2486.69,2.88,34.06,864,73,2.95,558.96,12.53,3.11,14746.22,19.61,6.78,91
575,1,4927.9,3.32,31.79,1485,155,2.7,230.33,12.32,3.25,13522.71,18.99,7.39,194
575,1,4294.2,4.49,32.53,957,132,2.52,416.93,12.55,3.26,12621.19,19.63,7.92,178
575,1,3795.1,3.44,36.85,1104,103,2.56,505.06,12.84,3.3,12803.87,19.26,7.81,147
575,1,3428.8,4.6,32.97,746,104,2.55,710.79,12.74,3.26,12726.22,23.4,8.25,124
575,1,2703,6.53,24.13,414,112,2.2,830.43,12.48,3.68,11013.81,27.53,9.53,121
575,1,610.5,4.33,21.05,141,29,1.55,1562.3,12.4,3.89,7765.42,36.95,12.87,30
583,1,37311.07,2.66,36.65,14047,1018,12.85,210.05,9.84,3.97,128487.92,7.66,8.99,1018
583,1,42282.7,2.71,40.93,15627,1033,13.38,264.5,9.99,3.97,133834.22,8.18,5.33,1033
583,1,39579.08,2.46,3.98,16087,9935,13.87,26.9,9.89,4.08,138749.93,9.43,3.8,10276
583,1,40196.49,2.51,11.47,16022,3506,13.85,117.97,10.05,4.29,138542.54,11.42,1.02,3506
583,1,38270.22,2.15,42.86,17812,893,275.89,380.66,10.15,4.14,137942.57,12.84,1.28,893
583,1,32442.06,1.98,43.55,16357,745,269.8,323.87,10.18,3.94,134900.1,13.73,0.74,745
583,1,30860.41,2.43,43.9,12692,703,259.77,450.85,10.15,4.96,129883.08,15.55,0.77,703
610,1,77860.26,5.76,15.33,13527,5078,16.96,1038.97,9.52,2.92,169625.71,10.54,64.03,7770
610,1,46451.59,3.12,9.9,14911,4693,16.26,626.95,9.58,3.19,162644.12,8.8,51.14,5730
610,1,64070.87,3.97,14.95,16126,4286,16.19,922.91,9.61,3.05,161858.15,5.73,18.51,4763
610,1,71111.92,3.49,11.71,20393,6073,16.73,198.79,9.68,3.45,167326.3,3.93,4.54,7097
623,1,44819.48,3.08,6.61,14556,6783,15.18,0.12,12.04,31.9,303544.5,3.24,5.78,60838
623,1,47753.22,3.16,6.51,15090,7335,15.7,0.73,12.02,32.03,313901.15,3.29,1.58,59960
623,1,40813.43,3.13,5.51,13059,7411,16.26,0.03,12.03,31.98,325255.3,3.18,0.35,63051
623,1,33078.38,2.92,4.26,11314,7764,16.67,0.03,12.02,31.45,333313.4,3.09,0.35,61992
623,1,21582.63,2.11,3.48,10216,6195,16.6,0,12.03,27.6,331918.95,3.1,0.35,53962
623,1,24526.18,1.71,4.12,14329,5955,16.56,0.03,12.02,22.41,331208.1,3.06,0.34,48886
623,1,50007.46,2.53,5.93,19732,8438,17.19,0.38,12.01,18.57,343827.24,2.9,0.29,62562
623,1,60706.6,2.9,6.41,20938,9477,16.87,0.1,12,17.51,337485.88,2.57,0.3,70260
623,1,53569.3,2.44,6.1,21965,8777,16.8,0.07,12,19.2,335968.26,2.39,0.3,67187
623,1,42551.06,2.47,3.7,17196,11487,16.82,0.18,12.01,26.43,336357.04,2.36,0.3,69807
623,1,30879.76,2.39,2.43,12903,12684,16.67,0,12.26,28.22,333312.26,2.29,0.3,86973
623,1,8628.09,1.59,1.2,5412,7200,16.37,0,12.43,28.49,327335.3,2.31,0.31,29305
660,1,23324.61,5.82,5.47,4011,4264,7.88,30.92,11.83,24.18,53594.3,21.65,0.39,34725
660,1,20762.87,4.96,5.12,4186,4059,7.92,18.29,11.88,24.6,53873.1,20.66,0.39,35942
660,1,20444.9,7.04,4.55,2905,4497,7.98,14.74,12.07,26.26,54291.69,20.03,0.39,44445
660,1,21323.92,4.14,4.16,5145,5128,8.39,13.53,12.17,20.85,57067.91,18.36,1.75,48666
660,1,22059.93,3.13,4.82,7055,4577,9.52,15.55,12.42,15.95,64725.87,15.59,1.55,47814
660,1,5428.38,6.08,2.46,893,2211,8.48,100.1,12.42,15.12,57689.03,15.17,1.73,3658
662,1,763.97,3.44,28.3,222,27,1.22,617.75,12.27,6.41,6105.52,19.11,54.72,107
662,1,811.55,3.96,31.21,205,26,1.23,228.54,12.83,7.31,6138.13,19.98,53.63,122
662,1,856.27,3.69,32.93,232,26,1.23,281.83,12.81,7.76,6167.39,20.19,52.24,119
662,1,754.22,3.32,30.17,227,25,1.21,200.07,12.71,8.25,6062.4,19.84,54.87,151
662,1,872.33,4.02,32.31,217,27,1.14,213.61,12.43,8.29,5676.44,19.67,55.97,151
662,1,774.87,3.41,21.52,227,36,1.11,191.95,12.06,9.84,5529.89,19.7,57.56,140
662,1,862.42,3.99,24.64,216,35,1.12,207.86,10.5,8.67,5586.55,19.84,56.85,154
662,1,613.5,3.25,14.96,189,41,1.1,195.39,9.69,7.42,5475.97,20.49,53.21,97
662,1,542.8,3.1,12.92,175,42,1.06,180.2,9.42,6.32,5302.27,20.5,52.21,98
662,1,675.19,4.14,14.68,163,46,1.07,190.87,9.94,7.54,5332.01,20.08,49.64,104
671,1,25652.07,3.41,237.52,7525,108,12.21,1015.4,9.84,2.86,73262.75,5.97,29.56,244
671,1,24929.54,3.45,311.62,7232,80,12.77,1476.17,9.79,2.69,76590.9,5.95,30.57,195
671,1,30990.88,3.73,352.17,8313,88,12.71,1141.33,9.66,2.81,76275.26,5.82,8.82,305
671,1,32668.17,3.76,329.98,8677,99,12.5,816.86,9.75,3.43,74993.99,5.26,8.79,437
674,1,20378.8,2.86,3,7132,6784,15.87,321.39,9.83,4.6,79371.23,3.96,40.2,392
674,1,19051.9,3.81,1.98,5007,9644,16.25,259.88,10.16,4.09,81262.03,4.1,36.88,371
674,1,23104.07,2.02,1.92,11415,12016,17.38,18096.83,9.95,4.25,86922.74,4.88,33.55,397
674,1,20523.33,2,3.03,10259,6781,17.74,12583.5,10.09,4.43,88678.43,4.97,30.61,406
675,1,2740.78,5.64,14.9,486,184,8.92,148.99,19.12,26.06,26772.78,11.81,6.32,187
675,1,2331.85,5.08,13.17,459,177,9.28,66.82,18.75,23.65,27843.65,11.9,5.17,179
675,1,3016.36,7.03,14.64,429,206,10.03,15.86,19.19,31.72,30082.33,13.84,4.9,208
675,1,3101.32,5.83,13.37,532,232,10.45,15.24,18.71,22.9,31338.11,14.95,4.61,233
675,1,3410.5,6.3,13.81,541,247,9.18,41.2,18.95,26.81,27537.32,14.65,4.02,248
675,1,2128.1,3.74,14.88,569,143,9.21,46.71,18.17,19.65,27629.37,14.7,3.97,143
692,1,2949.5,4.34,40.97,679,72,19.77,350.17,11.02,8.78,19768.63,12.84,27.82,75
692,1,2899.2,4.19,49.14,692,59,20.17,2102.5,11.03,7.93,20173.51,12.82,23.41,63
692,1,2492.9,3.67,47.94,680,52,20.65,3369.34,10.94,7.74,20646.72,12.71,18.95,56
692,1,2056.9,3.52,48.97,584,42,20.68,2104.41,11.39,8.81,20677.59,12.54,15.35,45
692,1,2230.39,3.51,48.49,635,46,20.94,3035,10.89,7.86,20936.77,12.56,11.83,48
692,1,2332.77,3.77,58.32,619,40,20.75,4674.3,10.7,7.23,20753.24,13.15,10.39,45
692,1,2107.9,4.09,51.41,516,41,20.69,1966.2,10.91,7.69,20694.19,12.95,10.71,45
699,1,2049.83,2.78,15.53,738,132,1.78,321.78,11.93,6.41,8915.66,13.19,27.73,206
699,1,3058.3,3.54,19.48,863,157,2.34,572.83,11.48,6.05,11714.67,12.05,22.4,263
699,1,3903.15,3.54,20.76,1102,188,3.07,809.15,11.1,4.58,15341.38,11.39,17.01,308
699,1,3762.99,4.05,18.45,930,204,3.27,332.07,11.41,5.38,16348.88,10.73,14.77,308
699,1,4462.49,4.8,22.09,929,202,3.24,296,11.79,6.17,16211.42,10.84,6.88,340
731,1,8127.22,21,2.62,387,3106,0.51,13.91,9.53,4.07,5103.99,69.45,88.98,3415
731,1,3556.52,10.65,1.37,334,2591,0.5,17.83,9.85,4.53,5008.9,71.54,90.62,2802
731,1,4537.81,13.79,1.01,329,4515,0.52,9.45,9.75,4.55,5173.69,68.48,87.68,4793
731,1,7953.42,27.62,345.8,288,23,0.44,143.68,9.56,4.17,4356.37,84.68,96.69,273
731,1,4506.86,16.63,121.81,271,37,0.42,137.81,10.18,5.13,4187,86.7,97.38,305
731,1,3946.14,13.61,136.07,290,29,0.43,174.54,10.03,4.79,4306.73,86.65,97.52,230
731,1,6560.58,18.91,113.11,347,58,0.19,165.34,9.82,4.69,1912.48,56.71,59.77,309
731,1,4608.03,16.11,85.33,286,54,0.58,411.27,9.86,4.74,5772.97,33.9,27.53,143
731,1,5451.84,18.54,175.87,294,31,0.72,271.54,9.58,4.47,7210.35,29.96,32.72,247
731,1,7230,24.34,160.67,297,45,0.93,407.54,9.44,4.15,9299.39,25.3,43.95,230
809,1,84106.26,7.15,29.35,11761,2866,21.79,88.21,10.31,2.82,217919.3,23.78,0.93,2866
809,1,83018.53,4.17,99.54,19913,834,22.13,292.78,10.19,2.76,221305.96,18.65,0.91,834
809,1,78625.74,7.06,94.84,11144,829,22.48,276.51,10.25,2.84,224830.45,21.93,0.9,829
809,1,87369.75,7.76,91.01,11261,960,23.11,271.12,10.21,2.89,231099.77,23.39,0.48,960
809,1,86654.75,10.98,90.45,7890,958,22.79,262.1,10.44,4.39,227919.75,26.13,0.44,958
881,1,30857.36,8.78,1.61,3516,19183,80.74,35.63,13.06,5.26,103187.73,7.71,1.37,19503
881,1,33075.75,9.39,1.52,3523,21830,90.72,20.64,12.83,4.33,115937.8,6.93,1.2,22131
881,1,39523.1,11,1.33,3594,29687,85.34,19.2,12.48,4.01,109062.16,5.68,1.09,30005
881,1,46826.5,13.1,1.26,3575,37025,96.73,15.86,12.41,3.96,123615.01,6.75,0.64,37385
897,1,37786.57,2.42,15.08,15597,2505,0,164.54,10.11,2.9,84908.59,3.84,0.71,2849
897,1,38132.09,2.52,14.37,15108,2653,0,185.7,10.22,3.12,89043.91,3.75,0.68,2725
897,1,35512.59,2.55,12.53,13929,2834,0,184.33,9.15,2.78,91292.43,4.09,0.63,3039
897,1,35805.95,2.75,12.86,13044,2785,9.09,148.09,9.51,2.93,90892.88,4.35,0.63,2994
900,1,21545.02,2.73,53.59,7883,402,10.85,475.44,13.09,12.68,216927.75,2.92,25.25,403
900,1,20021.52,3.07,59.59,6514,336,11.05,474.91,13,12.33,220906.78,2.95,23.14,412
900,1,23773.83,3.93,55.55,6044,428,11.5,476.69,13.07,12.89,230015.14,2.89,19.71,433
900,1,22042.92,3.79,57.4,5818,384,11.76,609.35,12.95,11.97,235185.12,2.85,16.92,389
900,1,22606.1,3.97,52.94,5700,427,10.88,495.48,12.86,11.49,217533.39,2.73,14.95,431
900,1,21142.23,3.79,50.22,5585,421,11.05,495.07,12.91,11.78,220995.92,2.74,13.92,422
905,1,6892.96,4,77.45,1724,89,3.9,312.55,16.8,2.14,11713.53,10.8,84.73,554
905,1,6212.05,3.64,66.09,1707,94,4.19,545.49,16.23,2.43,12577.21,9.7,79.28,479
905,1,6321.73,3.61,74.37,1750,85,4.66,364.96,16.79,2.94,13975.41,9.14,74.57,509
905,1,8756,4.38,82.6,2001,106,5.49,191.86,16.83,2.96,16476.85,8.56,73.24,653
905,1,9024.61,4.48,67.35,2013,134,5.68,245.84,16.71,2.82,17025.33,8.14,65.99,683
905,1,10459.43,4.86,76.91,2151,136,6.42,239.46,17.03,3.21,19250.56,12.6,59.37,755
905,1,11903.1,4.54,91.56,2621,130,7.6,227.16,16.71,2.78,22798.18,9.96,55.39,842
933,1,57620,4.85,2304.8,11887,25,14.66,220.52,12.85,5.95,293291.08,8.81,21,1356
933,1,48100,3.79,2186.36,12690,22,14.71,255.84,12.68,5.51,294143.75,9.45,20.67,1110
933,1,29670,2.91,1561.58,10210,19,6.18,393.86,12.44,5.29,123629.99,12.96,40.36,693
933,1,20120,2.63,670.67,7661,30,4.42,536.7,12.03,4.1,88499.99,12.13,53.45,432
933,1,14650,2.51,252.59,5838,58,3.22,528.13,11.63,3.26,64299.99,11.5,63.37,295
942,1,652389.15,20.72,85.66,31480,7616,44.09,6.07,11.64,8.15,440896.03,10.08,1.03,504225
942,1,662960.96,20.69,92.71,32048,7151,61.34,5.5,10.22,5.93,613406.55,8.59,2,505684
942,1,740455.4,21.56,92.38,34342,8015,63,5.53,10.53,5.37,630018.06,7.24,1.64,528897
942,1,487823.29,15.19,58.44,32121,8347,54.44,6.02,10.75,7.49,544406.07,6.56,1.36,390413
942,1,354737.77,9.81,40.73,36147,8709,53.56,7.95,11.49,12.11,535620.01,6.24,0.6,268950
942,1,331181.88,10.17,49.49,32576,6692,52.01,7.75,11.53,6.75,520141.92,6.03,0.24,271034
942,1,287124.45,8.45,42.38,33989,6775,51.13,8.23,10.11,7.67,511343.53,5.53,0.24,231892
942,1,281920.01,7.4,34.67,38078,8132,54.61,9.11,10.73,11.06,546128.45,4.78,0.21,228744
942,1,303204.23,8.51,35.43,35648,8559,56.25,8.8,11,9.76,562514.11,4.36,0.2,281621
942,1,274909.34,8.69,41.09,31638,6691,54.39,8.51,10.74,5.79,543908.84,4.26,0.21,304053
950,1,23736.5,4.18,1978.04,5677,12,7.07,992.69,8.6,2.44,70681.44,7.44,99.61,147
950,1,10949.7,3.09,2189.94,3546,5,5.8,1239.27,9.04,2.9,58036.27,6.98,97.59,63
950,1,13835.2,3.5,1257.75,3948,11,5.17,920.13,9.26,2.86,51696.34,7.6,89.24,86
950,1,14460.5,3.47,964.03,4167,15,4.71,792.19,8.54,2.73,47146.52,8.02,76.5,101
971,1,931.7,1.56,186.34,598,5,0.02,1790.15,9.32,0.14,75.11,60.9,100,66
971,1,366.78,1.07,73.36,343,5,0,3004.22,10.01,0.13,7.09,96.46,100,28
971,1,333.38,1.51,41.67,221,8,0.02,3262.42,10.72,0.16,83.46,67.74,100,30
1069,1,5849.79,2.18,344.11,2682,17,9.35,813.92,10.82,6.66,29224.92,7.6,67.84,284
1069,1,5476.02,2.08,342.25,2633,16,9.45,696.61,11,7.16,29537.76,7.18,65.27,292
1069,1,7018.97,2.27,280.76,3094,25,10.15,732.25,11.52,7.92,31704.89,6.77,70.67,329
1069,1,5949.25,2.01,371.83,2966,16,11.03,560.79,11.06,5.57,34471.75,6.88,72.97,372
1089,1,18190,6.58,757.92,2765,24,21.26,472.6,14.07,5.32,116911.33,4.64,31.04,186
1089,1,16335,6.02,544.5,2715,30,21.04,700.54,14.03,5.2,115705.71,4.65,30.77,167
1089,1,17950,6.96,512.86,2580,35,21.05,478.27,14.12,5.39,115764.08,4.7,29.01,187
1089,1,21630,7.75,675.94,2792,32,20.85,431.33,14.17,5.46,114697.6,4.67,29.27,218
1089,1,25990,8.52,577.56,3049,45,19.86,359.17,14.17,5.49,109240.36,5.1,31.86,263
1089,1,29895,9.17,533.84,3260,56,21.78,698.74,14.09,5.29,119790.34,4.84,29.05,308
1112,1,3776,3.55,269.71,1064,14,3.72,759.98,12.79,4.9,18589.04,15.22,56.65,235
1112,1,4740.7,4.18,316.05,1133,15,3.91,828.62,12.79,5.4,19553.1,15.49,56.42,283
1112,1,4355.5,4.14,272.22,1052,16,3.93,752.49,12.85,5.29,19648.41,15.34,55.96,271
1112,1,3890.8,4.1,194.54,950,20,4.1,721.31,12.37,3.97,20494.57,14.96,51.64,258
1112,1,5071.3,5.32,90.56,954,56,4.13,670.46,12.86,5.46,20629.3,15.81,47.15,305
1112,1,4504.7,4.89,77.67,922,58,3.62,522.99,12.99,5.87,21691.91,16.03,42.5,274
1113,1,6548.95,2.03,436.6,3223,15,2.22,1607.57,11.1,1.59,11101.17,30.47,89.09,145
1113,1,8092.71,1.71,622.52,4734,13,2.75,1199.26,11.39,1.62,13757.25,23.46,85.2,153
1113,1,8690.32,2.32,511.2,3741,17,2.86,979.65,11.77,2.42,14314.64,20.91,86.78,172
1113,1,6339.73,2.33,333.67,2722,19,2.83,1416.81,11.95,2.11,14148.54,21.29,86.87,133
1113,1,5523.23,1.94,345.2,2847,16,2.64,1600.26,11.61,1.77,13200.98,23.6,87.2,124
1113,1,5964.4,1.91,298.22,3127,20,2.96,1074.07,11.99,1.81,14792.21,21.87,84.92,127
1146,1,2695,16.95,2695,159,1,0.31,98.33,10.01,1.01,3104.62,39.64,100,27
1146,1,3430,19.16,3430,179,1,0.35,669.29,10.47,1.47,3495.5,35.42,100,35
1146,1,1550,7.99,1550,194,1,0.3,1760.43,10.39,1.39,3007.22,29.65,100,20
1160,1,9093.7,7.38,21.76,1233,418,1.89,73.5,14.49,1.13,9462.96,12.21,5.28,418
1160,1,8567.7,7.97,26.69,1075,321,1.87,2.45,14.72,1.5,9330.32,12.79,5.36,321
1160,1,6334.45,5.67,25.04,1117,253,1.95,15.15,15,1.97,9743.92,13.12,5.13,253
1160,1,4840.5,4.17,20.25,1161,239,2.04,108.02,14.98,1.95,10203.66,11.82,4.9,239
1160,1,5884.7,5.18,21.56,1136,273,2.11,229.58,14.95,1.94,10549.57,12.43,4.74,273
1208,1,3746.85,16.22,64.6,231,58,2.25,547.36,11.38,2.18,6736.67,36.58,74.92,117
1208,1,4444.2,16.96,77.97,262,57,2.32,508.3,11.43,2.17,6948.83,35.82,69.28,156
1208,1,4328.2,15.91,254.6,272,17,2.51,683.27,11.36,1.84,7536.19,27.67,94.51,162
1208,1,2264.1,14.06,2264.1,161,1,2.28,1504.26,11.17,1.2,6825.29,28.22,98.24,72
1208,1,2604.55,16.28,2604.55,160,1,2.19,1068.36,11.34,1.84,6560.27,27.13,99.85,90
1208,1,2967.55,18.66,2967.55,159,1,2.93,650.38,11.43,2.04,8783.67,29.85,99.89,91
1208,1,4090.2,23.64,4090.2,173,1,2.69,645.36,11.37,2.07,8061.82,35.81,100,133
1208,1,3714.21,23.36,3714.21,159,1,2.56,722.51,11.48,2.44,7683.9,40.84,100,116
1208,1,4215.67,25.86,4215.67,163,1,2.45,578.19,11.47,1.77,7342.31,42.73,100,135
1216,1,21066,3.34,397.47,6298,53,22.92,35.46,14.53,5.65,114576.14,5.22,5.49,667
1216,1,21392,3.37,427.84,6340,50,23.92,32.49,14.5,5.59,119577.04,5.07,5.22,691
1216,1,19453,3.32,432.29,5852,45,23.03,46.34,13.01,5.71,115171.79,0.7,4.92,619
1216,1,20389,3.42,399.78,5964,51,23.61,58.07,12.93,5.68,118031.02,0,4.77,649
1224,1,2330.22,1.58,3.11,1479,749,0.36,133.08,12.56,13.83,2413.36,13.52,19.57,755
1224,1,11196.51,2.05,2.78,5457,4030,2.05,166.23,12.78,9.09,13576.13,4.81,3.49,4033
1224,1,19536.82,3.31,2.8,5902,6983,4.99,96.37,12.62,8.13,33016.99,4.09,2.14,7073
1224,1,39451.55,3.61,8.8,10925,4483,10.93,128.92,9.5,5.07,72295.12,2.96,1.32,5676
1229,1,3910,6.09,95.37,642,41,19.07,799.65,12.77,10.7,19070.47,20.15,5.24,41
1229,1,3150,4.77,92.65,660,34,19.52,1226.19,12.43,8.48,19520.44,19.41,5.12,34
1229,1,1550,3.6,91.18,430,17,19.57,1600.12,12.77,9.87,19570.44,19.78,5.11,17
1229,1,2460,5.37,79.35,458,31,21.39,683.33,12.87,9.91,21387.49,19.68,5.28,31
1229,1,1230,3.13,94.62,393,13,19.6,2476.83,12.84,10.76,19600.52,19.17,5.1,13
1229,1,2000,4.39,100,456,20,19.8,1606.98,12.95,10.8,19800.56,19.34,5.05,20
1286,1,13298.65,4.64,207.79,2868,64,12.48,704.84,10.47,6.65,62385.32,7.56,18.21,651
1286,1,12142,3.23,205.8,3759,59,13.1,645.67,10.35,6.37,65506.36,7.7,16.27,581
1286,1,14614,5.85,251.97,2497,58,13.87,563.7,10.52,6.69,69353.68,8.23,17.48,667
1286,1,11805,5.05,200.08,2339,59,14.24,665.25,10.69,7.11,71178.31,8.22,19.17,526
1330,1,451.51,3.37,451.51,134,1,0.58,2032.61,15.99,2.74,1159.25,44.67,100,29
1330,1,426.4,3.18,426.4,134,1,0.57,2765.5,16.29,2.42,1136.89,47.86,100,24
1330,1,364.85,4.15,364.85,88,1,0.55,2519.53,15.39,2.64,1100.12,47.47,100,23
1330,1,308.75,4.68,308.75,66,1,0.48,1922.94,16.8,2.46,968.25,47.51,100,21
1330,1,340.03,6.18,340.03,55,1,0.47,1956.07,16.44,3.64,937.94,50.18,100,24
1330,1,303.93,6.61,303.93,46,1,0.49,1741.58,13.18,2.7,978.03,48.41,100,18
1330,1,289.4,4.99,289.4,58,1,0.46,2762.57,11.73,2.14,920.14,48.46,100,19
1330,1,319.36,5.15,319.36,62,1,0.42,2452.31,12.39,2.26,841.24,50.85,100,19
1330,1,225.22,4.33,112.61,52,2,0.38,2686.83,9.78,1.49,759.79,49.01,100,14
1331,1,6789.41,1.77,3.76,3843,1808,30.55,27.61,16.33,13.13,45820.48,9.66,8.85,1870
1331,1,5649.75,1.01,4.62,5616,1224,30.31,14.08,16.5,14.35,45464.44,9.25,8.39,1294
1331,1,7004.63,0.87,5.92,8007,1183,31.27,6.48,16.42,15.61,46911.39,9.18,8.84,2607
1331,1,7050.23,1.27,5.53,5561,1274,28.86,17.01,16.33,16.14,43286.56,8.51,7.73,1432
1331,1,8499.88,2.16,5.81,3934,1462,29.45,14.07,16.58,18.44,44175.92,8.81,5.12,1598
1401,1,1171.8,2.49,7.42,471,158,2.7,256.29,9.5,1,3734.81,35.43,5.4,158
1401,1,1284.32,2.94,6.49,437,198,1.38,62.45,10.66,1.32,1916.06,30.07,10.54,198
1401,1,1269.18,2.85,6.07,446,209,1.25,161.12,11.32,1.52,1736.05,23.86,11.44,209
1436,1,3896.17,3.33,2.73,1170,1427,19.11,129.81,12.21,4.04,19105.78,17.16,31.25,1510
1436,1,3641.98,3.74,2.72,975,1338,18.97,146.19,12.31,4.48,18970.02,15.79,30.67,1396
1436,1,3196.32,2.82,2.36,1133,1356,19.51,208.41,10.84,3.54,19509.49,14.64,29.78,1393
1436,1,5687.71,3.93,5.36,1449,1061,3.87,236.7,11.09,4.05,19371.8,12.81,28.52,1191
1436,1,6450.89,3.53,23.46,1825,275,4.17,262.98,10.88,3.57,20839.76,10.17,27.6,726
1436,1,7826.16,3.48,32.47,2250,241,4.73,206.24,10.72,2.97,23669.2,9,24.85,795
1440,1,30111.45,2.68,10.32,11227,2917,13.87,56.15,8.97,2.74,69369.55,5.65,1.61,7051
1440,1,35365.01,2.72,12.6,13004,2807,15.34,64.12,8.96,2.77,76708.95,4.76,1.43,7201
1440,1,42014.83,2.86,12.74,14696,3299,18.07,63.75,9.24,2.54,90359.95,3.94,1.31,8143
1440,1,45191.23,3.94,12.99,11466,3478,19.31,39.43,9.5,2.51,96568.76,3.47,1.04,7408
1450,1,3991.3,2.29,31.93,1741,125,9.32,140.86,14.39,2.35,9318.12,10.5,44.25,250
1450,1,4321.69,2.4,40.02,1798,108,9.17,144.85,14.75,2.14,9174.58,9.74,42.17,220
1450,1,4610.31,3,36.3,1535,127,9.46,180.59,16.01,3.68,9456.72,9.96,29.22,245
1450,1,3021.51,2.56,27.47,1178,110,9.88,282.57,15.61,3.55,9882.25,10.91,24.28,183
1450,1,2577.85,2.38,35.31,1082,73,9.46,451.26,15.6,2.83,9458.59,12.39,24.25,168
1465,1,15917.53,3.19,513.47,4993,31,2.2,569.83,11.27,2.05,22041.15,36.55,47.52,334
1465,1,12900.56,2.69,416.15,4787,31,2.51,686.74,11.98,1.84,25065.16,39.33,50.49,277
1465,1,13008.33,2.44,333.55,5321,39,2.75,746.44,11.48,1.59,27524.52,38.28,50.16,273
1465,1,13372.14,2.82,405.22,4740,33,2.33,770.27,11.02,1.81,23314.76,24.54,44.46,275
1483,1,4574.9,10.89,67.28,420,68,1.04,228.41,11.35,1.38,5201.69,20.87,36.66,273
1483,1,4185.7,9.43,68.62,444,61,1.14,278.22,12.15,1.35,5692.63,19.42,32.88,255
1483,1,4293.6,9.27,54.35,463,79,1.24,233.08,12.17,1.34,6195.06,23.62,28.91,261
1483,1,4535.6,9.67,64.79,469,70,1.12,249.96,12.09,1.23,6154.83,21.88,25.08,255
1485,1,32674.2,10.17,2513.4,3214,13,14.22,572.47,9.89,2.15,71120.68,10.08,99.83,700
1485,1,36053.22,11.01,2773.32,3276,13,14.95,532.53,10,2.12,74765.04,10.03,99.84,793
1485,1,33571.31,10.29,1974.78,3263,17,15.26,434.47,10.18,2.35,76280.55,9.38,99.83,769
1485,1,33312.95,10.42,3701.44,3198,9,15.13,451.5,10.5,2.6,75670.4,9.54,99.79,711
1497,1,1832,13.37,61.07,137,30,0.96,64.16,18.44,1.64,2882.3,50.72,73.88,156
1497,1,1582,10.84,52.73,146,30,0.94,35.26,18.2,1.37,2832.55,48.96,72.35,127
1497,1,1963,12.75,63.32,154,31,1,72.01,18.35,1.53,2990.42,46.77,66.73,143
1497,1,1795,11.66,59.83,154,30,0.91,100.1,18.34,1.5,2720.34,45.95,66.47,139
1530,1,27950.92,2.97,27950.92,9424,1,12.07,1622.34,8.74,5.75,241495.91,5.26,100,150
1530,1,32596.1,3.32,32596.1,9805,1,12.2,1522.11,8.92,6.39,243907.78,5.53,100,179
1530,1,27401.53,3.48,27401.53,7873,1,12.05,427.97,8.69,5.59,241022.06,5.21,100,294
1614,1,7797.82,2.69,14.15,2899,551,20.47,246.31,12.52,3.85,20470.71,10.46,33.48,953
1614,1,7790.81,2.66,14.17,2934,550,23.78,308.1,12.36,3.05,23778.89,9.63,28.07,924
1614,1,10159.45,2.88,13.75,3524,739,29.38,144.64,12.55,3.65,29375.22,7.72,24.97,1170
1614,1,11417.6,3.18,13.2,3592,865,6.57,70.01,12.28,3.94,32853.57,5.72,11.2,1299
1614,1,11099.46,2.59,13.03,4284,852,8.08,162.85,11.43,3.44,40389.71,4.65,6.36,1107
1623,1,11193.2,3.08,46.44,3633,241,8.16,820.6,11.24,5.46,45332.1,8.41,2.45,241
1623,1,11780.08,2.72,34.96,4323,337,8.1,631.97,11.01,4.9,44973.24,8.46,2.48,339
1623,1,8899.5,2.46,41.01,3625,217,8.13,1201.7,10.94,4.95,45143.48,8.34,2.63,218
1623,1,10032.39,2.69,51.98,3728,193,8.3,1336.72,11.03,4.64,46126.86,8.25,2.57,197
1623,1,15096.25,3.95,55.1,3821,274,8.78,817.81,11.3,5.07,48789.77,8.85,2.24,315
1623,1,13456.33,3.69,59.81,3643,225,10.01,801.02,11.54,6.19,55632.02,7.89,1.86,239
1653,1,7103.07,3.78,9.69,1880,733,4.58,83.69,16.13,10.04,23818.84,12.47,4.08,858
1653,1,6934.52,3.36,10.29,2066,674,5.1,170.46,15.43,10.87,26538.21,11.88,3.51,816
1653,1,7673.99,3.61,1.75,2127,4393,5.77,13.23,17.35,12.71,29994.06,11.25,2.95,4520
1653,1,5660.13,3,6.89,1887,822,5.97,44.74,16.89,12.13,31039.15,11.49,2.78,899
1653,1,7355.96,3.77,8.67,1950,848,6.01,16.1,16.51,12.98,31272.31,11.68,2.88,942
1653,1,3619.23,2.14,8.52,1690,425,5.84,68.07,14.78,10.02,30387.67,12.22,2.65,449
1653,1,5019.04,2.81,5.35,1788,939,5.84,0.35,15.36,12.49,30387.31,12.1,2.84,986
1653,1,6194.51,3.5,1.57,1771,3938,6.25,7.83,15.64,12.56,32489.58,13.87,2.63,3965
1653,1,5605.83,3.06,1.27,1833,4406,6.28,34.77,15.64,12.1,32663.99,13.81,2.11,4407
1653,1,4479.98,2.75,1.48,1628,3033,6.33,63.95,15.39,12.05,32921.65,14.07,2.04,3040
1653,1,2834.16,2.64,1.16,1074,2433,6.07,150.05,14.59,8.84,31541.09,14.31,2.03,2436
1653,1,542.55,1.39,0.46,390,1172,5.3,86.19,12.59,7.47,27549.14,15.07,2.21,1172
1653,1,1083.2,3,0.31,361,3551,4.73,7.06,11.05,3.2,24606.48,15.72,2.23,3551
1678,1,17493.6,8.38,126.77,2088,138,3.07,341.41,11.01,2.01,30655.6,7.91,50.92,662
1681,1,1222.26,5.05,1222.26,242,1,6.57,11.47,17.65,9.76,6569.45,20.67,99.41,2284
1732,1,38557.72,3.36,140.21,11489,275,7.07,23256.74,10.03,2.19,70674.51,5.58,71.72,1120
1732,1,35984.98,3.6,133.77,10004,269,6.92,10615.76,10.63,1.99,69173.97,5.57,76.95,865
1732,1,37544.7,3.24,168.36,11593,223,7.17,11916.01,10.17,1.86,71700.84,4.54,75.22,901
1732,1,39716.37,3.82,257.9,10384,154,7.15,13812.1,10.31,1.97,71520.44,4.32,66.71,893
1732,1,35017.43,3.78,139.51,9269,251,6.71,16417.33,10.25,1.79,67055.2,4.3,55.56,865
1757,1,1658.5,14.42,63.79,115,26,1.13,1729.23,12.99,7.06,10137.98,84.2,74.02,112
1757,1,1703,14.43,85.15,118,20,1.16,1840.27,12.68,6.22,10484.06,85.3,71.44,104
1881,1,50564.94,3.54,9.56,14300,5287,9.11,15534.08,11.22,3.3,136575.34,3.89,8.66,2365
1881,1,57171.88,3.64,8.64,15724,6617,9.38,6901.86,11.6,3.36,140700.29,3.41,5.11,2411
1881,1,58191.51,3.83,6.62,15180,8790,9.93,125.23,11.29,3.37,148965.61,3.41,3.89,2363
1881,1,51754.18,3,6.09,17232,8492,10.43,126.21,11.48,3.21,156515,3.6,2.27,2367
1881,1,45491.2,3.19,21.87,14245,2080,10.38,113.3,11.4,3.06,155716.82,3.88,3.34,2176
1881,1,58781,3.56,27.62,16514,2128,11.57,87.37,11.67,3.61,173508.64,3.8,1.99,2447
1944,1,3451.83,11.74,39.23,294,88,2.01,19.9,10,2.43,5226.44,32.75,19.33,166
1944,1,2018.74,7.13,27.28,283,74,2.19,68.5,9.99,2.51,5688.73,32.13,18.29,105
1944,1,2235.96,7.85,34.94,285,64,2.38,208.68,10.01,1.83,6196.94,31.66,18.99,109
1944,1,2987.31,11.15,45.96,268,65,2.04,120.88,10,2.45,5302.41,31.63,20.65,137
1944,1,1880.65,7.35,39.18,256,48,1.92,333.3,10,1.38,5004.28,32.38,20.69,92
1959,1,1626.5,3.06,162.65,531,10,2.91,103.49,13,10.73,14572.62,12.24,23.42,70
1989,1,1016.9,2.58,18.83,394,54,1.52,876.26,14.14,7.38,7577.61,20.01,11.41,109
1989,1,522.5,1.45,13.4,361,39,1.44,891.94,13.67,5.54,7200.55,20.71,12.41,78
1989,1,1067.4,2.5,15.93,427,67,1.48,793.22,14.43,8.03,7387.41,22.54,10.86,128
2002,1,1775,6.18,65.74,287,27,3.17,113.35,16.28,12.47,15874.43,30.07,32.95,287
2002,1,1794,6.12,1794,293,1,3.36,119.85,15.83,11.44,16805.07,29.62,42.04,282
2002,1,1940,6.3,1940,308,1,3.56,125.8,16.15,12.19,17778.86,27.96,50.38,293
2002,1,2191,6.87,2191,319,1,3.25,102.05,16.53,13.02,16257,27.53,57.97,323
2002,1,1815,5.5,1815,330,1,3.35,123.15,16.71,13.21,16731.27,26.9,63.32,273
2090,1,95885.66,6.77,0.18,14156,524377,1,0.32,8.38,1.66,119583.86,2.34,18.56,799084
2310,1,6486.36,2.35,38.38,2766,169,10.67,59.57,10.63,7.78,53336,6.15,8.81,464
2310,1,7363.64,2.2,43.06,3352,171,11.14,181.52,10.94,7.74,55707.02,5.94,8.86,717
2310,1,6233.93,2.2,38.01,2830,164,11.3,192.62,11.42,9.83,56505.15,5.74,8.89,548
2310,1,8835.9,2.74,38.42,3222,230,11.59,184.32,11.45,8.65,57944.56,5.66,7.63,506
2310,1,7431.13,2.44,33.78,3045,220,11.08,272.5,11.51,8.79,55396.35,5.55,7.23,546
2389,1,6667.39,2.93,8.24,2274,809,13.52,82.85,9.62,3.56,67591.74,11.87,29.41,3361
2389,1,5456.73,2.81,8.07,1939,676,12.46,67.82,9.57,3.72,62315.38,12.4,31.59,2641
2389,1,6709.91,2.89,7.51,2324,893,9.58,84.08,9.8,4.94,47914.67,12.74,29.17,2409
2389,1,5377.77,2.92,6.8,1839,791,8.2,169.98,9.43,4.05,40977.95,12.76,30.21,1785
2491,1,4178.62,1.45,20.58,2884,203,4.45,372.77,12.19,2.93,13338.08,18.7,15.29,343
2491,1,4774.33,1.99,22,2397,217,4.35,377.18,11.01,3.32,13057.72,19.27,11.63,349
2491,1,5470.31,1.59,23.08,3444,237,4.91,350.48,11.61,2.87,14724.3,14.72,10.32,408
2491,1,5041.79,1.42,21.83,3542,231,5.01,392.31,11.22,3.02,15030.12,11.95,9.73,441
2570,1,1808.01,1.97,150.67,916,12,0.72,2920.66,13.18,1.33,3595.89,6.18,71.83,157
2570,1,2318.62,2.17,144.91,1069,16,0.67,2350.84,12.65,1.55,3364.44,8.04,83.74,224
2570,1,2547.69,2.21,169.85,1152,15,0.71,2382.58,13.15,1.43,3549.14,10.29,87.92,214
2570,1,2184.99,2.03,156.07,1076,14,0.6,1651.3,12.93,1.92,3006.62,11.47,90.85,211
2608,1,2220.5,4.28,17.76,519,125,10.12,626.34,13.55,10.24,10117.57,25.96,33.77,125
2608,1,1488,3.13,16.72,475,89,10.2,907.76,13.26,9.19,10203.64,25.45,28.27,89
2608,1,2654.5,4.06,16.39,654,162,10.71,588.82,13.61,8.77,10706.17,24.49,21.7,163
2635,1,10682.97,1.73,42.9,6167,249,7.1,0,12.51,3.5,35503.8,11.23,3.15,249
2635,1,10698.35,2.54,33.86,4214,316,7.55,0,12.77,3.25,37758.21,9.79,2.8,316
2635,1,16069.84,0.95,24.84,16987,647,8.36,0,12.6,2.63,41820.84,8.52,2.53,647
2635,1,13999.25,2.52,20.99,5560,667,8.36,0,12.41,2.89,41819.38,8.21,2.53,667
2674,1,92763.87,8.44,40.38,10986,2297,8.95,71.13,12.34,2.38,89547.46,4.58,2.23,6719
2674,1,28067.1,3.99,20.84,7037,1347,9.79,47.47,12.69,2.63,97875.84,4.07,1.12,2803
2674,1,30509.5,4.29,18.94,7119,1611,10.44,127.43,12.18,2.82,104361.43,4.01,1.78,3222
2674,1,60457.17,6.34,30.99,9529,1951,9.84,222.47,12.22,2.53,98428.39,4.18,1.02,5910
2697,1,62651.35,6.21,24.7,10084,2537,12.66,30.95,9.66,5.01,124023.8,3.3,0.81,23339
2697,1,29692.31,6.59,14.66,4509,2025,12.82,46.37,9.79,5.98,125631.69,3.14,0.8,11391
2750,1,194870.21,15.62,55.82,12479,3491,2.64,231.35,7.98,9.83,833668.72,1.2,51.68,3927
2750,1,134157.42,13.47,28.21,9961,4756,2.91,153.14,8,7.11,920456.76,1.25,47.56,5464
2750,1,157210.23,15.76,37.99,9977,4138,3.05,111.2,8.09,6.69,963812.3,1.24,47.22,4708
2750,1,136702.88,15.78,3037.84,8665,45,3.28,1167.04,8.44,6.58,1034847,1.21,48.09,339
2750,1,78383.76,12.33,483.85,6359,162,3.01,957.09,8.38,6.56,950004.49,1.13,44.7,344
2750,1,2564.39,1.21,36.63,2124,70,2.52,1077.24,8.77,9.09,795672.12,1.18,47.66,81
2751,1,2551.87,9.25,50.04,276,51,7.38,688.08,9.77,4.41,8186.49,34.41,12.6,126
2751,1,1704.39,6.99,29.39,244,58,7.05,617.39,9.81,4.16,7830.33,33.74,13.18,106
2751,1,1625.26,6,32.51,271,50,7.19,869.81,9.87,5.17,7982.85,31.81,13.13,93
2751,1,1912.34,6.55,39.84,292,48,6.81,836.54,10.07,4.57,7560.5,27.54,14.04,110
2762,1,35925.9,4.01,20.23,8948,1776,6.98,167.24,9.2,3.77,69775.52,7.8,5.3,5368
2762,1,41738.53,4.31,22.19,9692,1881,8.71,109.94,9.8,4.27,87112.59,6.54,5.16,6648
2762,1,40337.62,4.69,9.72,8609,4152,9.79,126.98,9.44,4.92,97890.85,6.07,4.34,6651
2762,1,29647.7,4.07,6.72,7290,4409,9.42,166.21,9,3.87,94238.7,6.52,4.05,6097
2762,1,28715.98,4.48,6.44,6408,4459,10.07,139.91,9.03,3.95,100659.26,6.47,3.74,6472
2762,1,22900.16,4.76,7.17,4811,3196,10.78,95.12,9.08,4.22,107843.18,5.91,3.49,5284
2762,1,34083.73,4.6,35.28,7405,966,11.39,159.98,8.98,4.02,113919.65,5.79,3.3,1674
2762,1,29223.73,4.02,48.87,7261,598,11.77,562.09,9.58,4.39,117748.52,5.3,3.19,775
2762,1,30603.94,4.36,19.19,7015,1595,11.93,439.69,9.55,4.99,119277.95,5.05,3.15,1600
2817,1,1987,6.39,86.39,311,23,0.67,0.02,13.46,3.82,7884.57,30.89,51.92,163
2817,1,1036,4.33,54.53,239,19,0.69,0,13.26,3.66,8067.2,33.41,46.83,107
2817,1,1178,4.24,58.9,278,20,0.7,0,13.64,4.36,8239.18,33.03,42.88,100
2817,1,2336,8.65,66.74,270,35,0.67,0.01,14.16,4.88,7809.69,33.86,46.32,174
2817,1,2003,8.18,83.46,245,24,0.57,0.01,14.48,5.33,6681,36.05,27.09,140
2817,1,1010,4.74,56.11,213,18,0.58,0.01,14,4.86,6776.01,36.39,20.07,99
2817,1,1330,5.45,41.56,244,32,0.57,0.01,13.92,4.75,6675.01,37.95,15.88,103
2918,1,4096.28,4.59,0.12,893,33256,0.37,3.71,8.57,0.68,2976.39,24.38,2.22,34244
2930,1,13356.57,2.76,25.54,4835,523,12.36,145.09,11.86,9.02,123577.97,9.18,12.53,2008
2930,1,11497.77,2.67,22.33,4311,515,11.25,169.52,11.72,8.74,112458.81,9.92,8.3,2062
2930,1,15358.22,2.84,24.93,5412,616,11.86,154.52,11.9,8.51,118577.16,9.37,5.25,1730
2930,1,24172.81,1.75,21.9,13824,1104,12.82,136.72,11.82,8.42,128185.22,8.8,3.9,3276
2930,1,40515.48,3.19,11.34,12692,3572,15.05,78.53,10.51,6.8,150519.48,7.36,3.32,5940
2930,1,26968.89,5.29,28.78,5097,937,15.86,140.93,11.39,8.98,158621.42,7.48,2.4,3064
2930,1,57660.04,3.76,24.68,15319,2336,18.04,79.58,10.75,8.23,180440.18,7.13,2,6059
2954,1,23230.74,12.4,7743.58,1874,3,7.35,211.77,6.21,1.08,36767.75,11.01,100,1228
2954,1,15875.5,11.16,5291.83,1423,3,6.15,212.89,5.97,0.83,30737.62,11.66,100,990
2954,1,13647.5,11.77,2274.58,1160,6,4.37,182.36,5.86,0.71,21859.25,14.76,100,886
2954,1,10285.16,13.71,1714.19,750,6,2.63,239.38,5.63,0.62,13138.81,15.83,100,584
3051,1,14335.87,4.7,9.07,3048,1581,8.64,70.82,10.47,4.15,51829.81,12.82,2.9,1641
3051,1,15119.27,4.24,8.99,3566,1681,9.14,49.61,10.59,4.37,54834.98,12.07,2.62,1729
3051,1,18045.54,4.85,9.6,3719,1879,9.91,58.45,10.57,4.63,59476.14,11.45,2.53,1960
3051,1,21870.91,5.67,9.5,3855,2301,6.92,62.71,11.16,6.48,41546.92,9.76,2.77,2361
3051,1,22449.39,5.76,9.57,3896,2345,7.46,72.01,11.4,7.3,44759.04,10.84,1.58,2449
3051,1,15980.43,5.44,9.48,2939,1685,7.03,42.5,10.94,5.88,42182.78,10.02,1.35,1768
3051,1,20022.31,5.59,9.64,3582,2076,6.79,54.82,10.93,5.67,40739.37,10.18,1.47,2231
3051,1,19256.23,5.83,11,3302,1750,6.68,87.99,10.9,6.6,40067.29,11.05,1.56,1966
3051,1,22681.62,6.33,10.74,3584,2111,7.58,106.06,10.46,5.65,45476.9,10.71,1.92,2190
3051,1,27586.29,7.58,13.48,3641,2046,8.9,104.51,10.33,5.59,53406.72,9.88,2.08,2395
3051,1,8117.44,3.51,12.47,2312,651,7.74,213,10.54,6.4,46453.56,9.93,2.25,689
3168,1,3155,11.23,13.66,281,231,1.36,112,14.09,8.53,13638.14,18.48,4.37,242
3168,1,2726.5,8.71,12.86,313,212,1.51,103.45,13.81,7.39,15096.2,18.3,4.02,217
3168,1,3237,9.69,12.9,334,251,1.69,126.83,13.59,6.58,16897.77,17.94,3.69,254
3168,1,2815.5,9.51,11.78,296,239,1.93,175.87,14.97,8.01,19347.71,16.86,3.19,241
3168,1,2878.5,12.25,12.46,235,231,2.08,148.05,13.85,7.59,20816.74,17.31,3.3,240
3168,1,2235,9.01,12.49,248,179,2.09,161.95,13.83,7.56,20942.24,17.92,3.24,181
3187,1,47880.44,3.14,17.39,15249,2753,30.87,242.11,10.15,3.28,154363.83,1.8,1.71,2851
3187,1,43704.62,2.68,16.11,16327,2713,31.15,286.42,10.41,3.66,155754.08,1.79,0.95,2795
3187,1,47245.95,2.97,16.22,15917,2912,31.6,330.4,10.2,4.27,157993.28,1.94,0.73,2976
3187,1,44650.08,3.2,14.63,13972,3051,31.8,313.34,10.25,4.29,159008.12,2.16,0.69,3134
3260,1,1413.98,4.67,141.4,303,10,3.19,1073.15,11.35,2.18,3188.47,31.8,92.85,93
3260,1,877.06,3.97,109.63,221,8,2.44,1264.71,10.89,2.17,2444.41,35.85,97.3,73
3260,1,643.93,3.05,128.79,211,5,2.3,1474.32,11.05,2.25,2295.19,36.36,99.12,67
3260,1,1367.74,5.45,151.97,251,9,2.31,704.01,11.06,2.52,2311.8,36.18,99.57,125
3260,1,898.98,4.41,128.43,204,7,2.19,1064.18,10.81,2.04,2190.25,34.41,98.86,80
3322,1,5180,3.24,79.69,1597,65,12.21,188.99,12.03,7.8,61049.26,7.14,2.59,136
3322,1,5185,3.44,81.02,1507,64,12.01,155.88,12,7.62,60046.82,7.06,1.91,129
3346,1,4119.07,2.56,4.14,1609,996,2.74,1020.89,11.14,5.4,13707.7,20.82,21.24,187
3346,1,4056.51,2.36,4.31,1718,942,3.07,866.03,11.36,5.87,15359.75,19.71,20.24,184
3346,1,6561.53,1.87,1.1,3516,5946,3.71,642.49,9.69,3.9,18571.18,22.18,19.96,275
3364,1,3839.7,6.36,61.93,604,62,0.64,737.67,10.79,0.98,4014.91,17.05,40.44,229
3364,1,4282.8,6.01,64.89,713,66,0.69,662.82,10,0.98,4317.95,19.51,41.99,234
3364,1,4269.8,7.24,61.88,590,69,0.71,536.32,10,0.98,4443.3,21.39,37.91,231
3364,1,4893.15,6.99,56.9,700,86,0.79,429.17,10,0.97,4932.61,19.42,34.42,274
3364,1,4516.5,7.64,52.52,591,86,0.7,522.83,10,1.02,4351.57,22.89,34.91,243
3364,1,4352.9,7.7,64.97,565,67,0.68,280.13,10,1.01,4272.58,22.65,37.2,226
3364,1,5223,7.44,53.85,702,97,0.84,159.64,10,0.98,5222.99,27.59,31.25,287
3364,1,4915.37,6.18,43.12,795,114,0.81,295.88,10,0.98,5045.05,23.67,27.26,307
3364,1,7735.94,10.82,53.35,715,145,1.24,224.92,10,1.12,7735.92,46.08,22.25,524
3402,1,6786.04,3.91,0.14,1735,50082,1.81,413.85,10.67,1.25,9063.84,10.88,35.37,254
3402,1,9127.64,4.7,0.11,1942,83987,2.09,403.15,11.31,1.11,10439.1,10.74,0.88,319
3402,1,9670.44,4.77,0.11,2028,89968,2.26,344.65,10.35,0.96,11288.27,10.83,0.08,344
3402,1,10443.54,6.19,0.11,1687,98884,2,300.91,10.57,0.97,10002.32,11.16,0.02,350
3416,1,23865.99,2.38,9.64,10030,2475,7.96,203.28,11.4,4.62,79640.55,3.76,0.86,2475
3416,1,24776.93,2.38,10.14,10409,2444,8.08,185.79,11.2,4.32,80807.26,3.79,0.85,2444
3416,1,23427.79,2.08,8.6,11283,2723,8.38,160.6,10.9,3.45,83809.92,4.01,0.81,2723
3416,1,42536.43,2.04,8.74,20869,4869,10.08,173.78,11.39,3.9,100799.34,2.98,0.9,5096
3558,1,84076.05,4.8,0.95,17527,88615,22.79,2.39,9.24,1.96,158309.86,2.64,7.82,153512
3558,1,114248.18,5.74,0.58,19911,198548,24.5,1.43,8.54,1.16,170122.83,2.32,5.15,413901
3558,1,134586.48,6.3,0.47,21367,286528,25.76,0.53,9.33,0.95,178917.9,2.13,4.52,560938
3558,1,116736.16,6.31,1.04,18493,112677,22.15,0.31,9.76,1.27,153839.12,2.3,4.72,321669
3558,1,94903.5,5.53,1.22,17162,78024,21.37,1.15,10.47,2.18,148413.14,2.34,2.95,217089
3841,1,105314.84,4.27,2.88,24682,36575,15.94,31.57,7.93,6.08,159394.83,2.61,0.07,3782
3841,1,84744.12,4.13,1.91,20539,44382,16.15,10.36,8.14,6.5,161479.81,2.52,0.11,3418
3841,1,93883.98,4.95,1.81,18981,51816,18.88,60.85,8.12,6.91,188845.59,2.43,0.09,2075
3841,1,77646.38,4.84,3.1,16055,25075,22.07,123.79,8.09,6.87,220692.83,2.94,0.06,1645
3841,1,26253.09,11.81,1.93,2223,13586,26.56,41.92,8.97,8.97,265555.61,3.26,0.07,463
3841,1,54824.77,9.78,2.77,5606,19785,28.71,15.02,8.47,8.08,287087.49,3.09,0.05,975
3841,1,49293.48,8.75,2.54,5635,19392,30.53,26.32,7.7,6.39,305253.2,2.92,0.05,806
3841,1,64772.38,7.08,2.83,9144,22895,33.34,40.17,7.75,6.58,333412.92,2.88,0.05,1092
3841,1,79125.53,7.75,2.43,10215,32577,35.9,74.66,7.63,6.09,358976.23,3.01,0.05,1014
3841,1,79282.19,8.17,2.22,9710,35716,37.1,172.45,7.79,6.44,371021.36,2.67,0.04,1098
3841,1,49190.35,7.01,1.91,7017,25765,36.22,29.2,8.26,7.94,362237.11,2.8,0.16,3915
3841,1,41482.57,7.39,0.82,5613,50592,35,3.8,8.51,8.46,350045.34,3.11,0.18,11805
3878,1,2585.99,8.34,43.83,310,59,1.82,178.54,14.52,2.55,5635.3,26.06,89.98,435
3955,1,5565.5,3.35,23.29,1660,239,1.85,573.21,14.76,3.13,19464.18,18.19,72.76,291
3955,1,5325,5.3,13.87,1005,384,1.84,254.81,14.67,2.56,19342.88,18.04,66.03,431
3955,1,5293.5,6.33,12.69,836,417,1.92,232.76,14.25,2.73,20160.12,18.76,63.67,470
3955,1,4887,5.62,13,869,376,1.89,282.36,14.25,2.41,19870.41,18.74,60.58,406
3955,1,6248.4,6.75,20.22,926,309,1.83,413.53,14.8,3.91,19283.46,19.95,50.9,357
3955,1,4613.5,5.33,12.08,865,382,1.98,415.17,15.45,4.38,20792.96,19.84,44.88,395
3955,1,5396.8,5.28,29.02,1022,186,2.12,602.52,15.27,3.75,22291.28,19.46,41.19,216
3955,1,4976.5,5.22,26.05,954,191,2.09,528.82,14.97,3.46,21961.6,19.85,37.07,222
4032,1,3899.09,5.78,155.96,675,25,2.36,37.42,15.96,2.93,11817.15,29.32,92.85,310
4032,1,3924.95,6.4,230.88,613,17,2.49,27.73,15.88,2.77,12464.56,27.6,93.06,319
4032,1,4625.45,6.6,185.02,701,25,2.63,23.1,15.78,2.56,13134.12,25.9,93.35,398
4065,1,568.77,0.85,4.9,669,116,1.54,34100.45,12.66,7.18,4926.15,8.36,7.29,116
4065,1,730.62,1.12,9.13,652,80,1.56,19491.8,13.28,6.48,4977.93,8.33,7.34,80
4065,1,1263.62,1.41,10.8,899,117,1.79,9166.25,12.08,6.77,5718.5,8.23,6.69,117
4109,1,8355.48,2.92,1044.44,2862,8,3.39,1224.11,9.44,2.86,33863.97,15.81,97.79,167
4109,1,9495.59,2.92,593.47,3256,16,3.5,1587.12,9.77,3.75,34988.21,16.28,94.68,162
4109,1,10519.96,3.26,657.5,3231,16,3.8,1498.5,9.46,3.15,37966.04,16.44,92.54,173
4109,1,10806.34,3.13,300.18,3458,36,3.83,1234.8,9.44,3.46,38275.23,16.62,83.74,179
4146,1,19962.74,9.91,6.94,2014,2878,13.97,144.73,10.93,1.71,41923.09,71.75,2.62,3055
4146,1,18993.81,13.25,6.44,1433,2951,12.45,88.05,11.5,2.43,37353.8,67.71,3.05,3358
4146,1,11035.86,9.16,7.62,1205,1448,11.43,129.1,11.43,2.51,34300.34,68.65,2.7,1646
4146,1,15460.73,12.17,7.07,1270,2186,12.1,125.3,11.33,2.25,36307.56,67.39,2.55,2531
4197,1,34998.84,4.91,5.62,7121,6231,6.54,50.65,8.08,2.09,65400.82,5.64,0.36,6231
4197,1,41289.82,4.41,4.5,9361,9178,6.65,18.95,8.99,2.57,66473.06,5.54,0.35,9178
4197,1,32710.47,3.81,1.77,8585,18507,7.25,12.33,10.21,3.03,72506.37,5.48,0.32,18507
4197,1,20466.64,3.05,2.95,6709,6949,7.27,39,10.27,3.3,72675.69,5.33,0.31,6949
4197,1,19803.33,4.07,10.28,4864,1926,6.88,181.74,12.07,3.62,68805.27,5.08,0.29,1926
4197,1,18914.58,5.09,19.36,3713,977,7.01,257.91,11.93,4.01,70106.12,4.9,0.29,977
4197,1,8605.88,2.96,18.19,2911,473,6.55,478.75,10.49,3.7,65498.11,4.53,0.31,473
4197,1,3920.6,3.73,19.9,1051,197,5.25,400.94,12.19,5.56,52490.06,4.74,0.38,197
4197,1,1200.5,3.28,18.47,366,65,3.82,332.3,12.2,5.67,38192.51,5.67,0.52,65
4197,1,2218.67,4,19.29,554,115,3.28,888.5,11.75,4.65,32793.99,6.88,0.61,115
4235,1,12200,2.73,100,4475,122,3.64,3523.2,12.5,4.16,47292.41,10.19,7.35,122
4235,1,14200,2.55,99.3,5576,143,4.17,3343.11,13.32,5.92,54190.81,8.98,6.34,150
4235,1,17800,2.85,99.44,6253,179,4.8,2265.68,13.66,7.29,62384.82,6.85,5.45,193
4235,1,15750,2.47,99.68,6383,158,5.28,3390.23,13.51,7.27,68639.46,6.66,4.89,167
4235,1,17500,2.65,100,6595,175,5.38,3276.73,13.27,6.69,69920.21,6.44,4.29,175
4235,1,19400,2.93,100,6629,194,6.04,2523.08,13.37,6.9,78580.22,6.04,3.82,194
4235,1,22100,2.89,100,7649,221,6.7,1895.24,13.19,6.29,87050.24,5.62,3.45,221
4235,1,18700,2.76,100,6785,187,7.1,2832.16,13.3,7.06,92320.25,5.41,3.25,187
4235,1,17000,2.7,100,6298,170,7.21,3517.27,13.04,7.89,93730.15,5.74,3.2,170
4312,1,1226.4,2.71,613.2,453,2,0.15,2058.92,14.52,2.05,1897.68,22.46,100,81
4312,1,964.09,3.84,964.09,251,1,0.15,1196.87,15.9,4.74,1942.45,23.07,100,86
4312,1,1090.46,4.04,1090.46,270,1,0.18,807.96,16.88,5.41,2392.04,23.72,100,125
4315,1,7450.6,2.21,38.6,3373,193,3.47,921.55,12.85,6.92,34651.35,5.4,20.4,240
4315,1,5405.5,2.85,43.24,1900,125,3.25,1498.13,13.3,8.06,32452.88,5.79,19.61,160
4315,1,12048,2.23,38.62,5414,312,3.95,585.29,12.2,7.18,39493.59,5.28,20.81,391
4315,1,7748.5,2.44,39.53,3181,196,4.07,1004.89,12.82,6.12,40663.93,4.93,20.27,205
4315,1,11996.5,2.3,20.61,5211,582,1.8,390.26,13.57,7.5,18003.76,4.26,12.05,585
4315,1,7577,2.31,33.83,3284,224,2.47,526.31,13.68,7.07,24682.85,4.05,9.36,230
4318,1,5301.92,11.73,182.82,452,29,4.66,587.2,8.51,2.53,11647.64,35.23,54.07,196
4318,1,5035.8,10.6,218.95,475,23,4.8,630.76,8.14,2.07,11996.84,33.76,59.84,182
4318,1,5905.9,9.24,203.65,639,29,5.31,479.04,10,2.72,13276.67,34.57,55.78,219
4318,1,4927.4,9.21,182.5,535,27,5.25,612.15,9.11,2.28,13127.34,35.26,55.82,209
4324,1,2565,5.38,3.74,477,685,1.03,24.87,17.86,7.33,10298.23,23.84,1.84,685
4324,1,1963.5,4.92,3.82,399,514,1.1,34.2,17.12,7.16,11014.53,22.78,1.67,514
4324,1,2326.2,4.3,4,541,582,1.22,164.31,17.47,7.23,12234.13,21.59,1.5,582
4343,1,9739.05,2.6,389.56,3745,25,5.53,1143.42,10.64,3.57,27667.83,3.62,31.3,204
4343,1,8946.15,2.8,344.08,3192,26,5.38,1403.38,10.87,3.69,26916.51,4.74,32.94,194
4343,1,9180.35,2.69,399.15,3409,23,5.85,1216.39,12.21,3.23,29258.86,4.32,34.39,187
4343,1,8744.7,1.96,5.5,4471,1590,6.15,76.58,11.92,2.75,30725.52,4.29,32.02,2146
4367,1,3628.38,1.31,19.61,2770,185,0.8,411.34,11.8,2.73,7971.14,23.29,8.03,273
4367,1,4787.48,1.96,20.03,2441,239,0.94,380.52,11.02,3.33,9443.49,22.67,6.41,350
4367,1,5618.27,1.6,19.64,3501,286,1.26,346.6,11.59,2.86,12627.67,18.1,5.32,417
4367,1,4831.08,1.42,19.25,3406,251,1.33,400.67,11.22,3.06,13331.12,20.1,5.17,434
4367,1,5303.88,1.92,18.88,2764,281,1.25,377.71,10.2,3.26,12474.82,23.09,4.64,456
4390,1,42024.95,4.24,3232.69,9912,13,36.04,2419.12,8.44,6.1,180185.09,3.32,97.74,420
4390,1,39880.31,3.93,3625.48,10147,11,38.51,2424.51,8.55,6.42,192530.6,3.17,97.06,378
4390,1,46233.45,4.29,3852.79,10787,12,41.67,1896.36,9.16,6.91,208361.36,3.02,98.31,425
4390,1,44623.75,4.68,4056.7,9536,11,44.66,2303.93,8.8,6.37,223282.14,2.93,98.29,393
4390,1,38575.23,4.28,2967.33,9014,13,42.73,2188,9.05,6.52,213650.42,2.96,98.65,324
4412,1,4251,2.01,64.41,2120,66,5.07,2324.29,11.26,6.53,25373.46,4.65,8.09,78
4412,1,3772.46,2.15,71.18,1753,53,5.36,2560.15,11.66,7.39,26792.43,4.71,5.98,57
4412,1,4698.71,1.64,0.52,2860,9109,5.21,12.8,11.15,4.86,26038.07,5.46,5.4,9737
4412,1,4495.63,1.34,76.2,3344,59,5.14,1988.83,11.02,5.91,25705.37,5.74,5.44,62
4412,1,3713.2,1.82,59.89,2040,62,5.1,1135.14,11.53,6.95,25493.93,5.42,5.03,65
4412,1,4635.8,2.09,72.43,2213,64,5.17,1168.3,11.85,7.87,25864.69,5.6,4.61,70
4412,1,6245,2.16,67.15,2891,93,5.31,663.41,11.95,7.51,26527.98,5.29,4.02,96
4412,1,5873,2.17,51.07,2711,115,5.77,823.82,11.71,7.19,28840.94,4.35,3.69,117
4412,1,5780,2.17,57.8,2663,100,6.3,1297.96,11.65,7.07,31524,4.01,3.17,103
4412,1,2912,2.36,69.33,1235,42,6.21,2463.46,11.52,7.13,31035.26,4.17,3.22,44
4420,1,21966.53,5.34,1996.96,4115,11,20.84,503.63,8.98,5.31,104221.85,4.1,87.47,1627
4420,1,15299.02,4.33,1699.89,3530,9,20.83,646.22,8.07,5.16,104168.67,4,85.79,1075
4420,1,17253.37,4.19,1917.04,4117,9,20.71,658.78,8.01,5.91,103562.9,3.94,86.8,1145
4420,1,14998.53,4.25,1666.5,3525,9,20.29,679.25,8.14,6.11,101431.68,3.89,83.35,974
4651,1,2826.5,0.73,13.65,3883,207,2.98,912.31,11.79,5.07,14885.36,11.34,6.84,217
4651,1,2434.1,0.67,11.17,3641,218,2.93,830.67,11.63,4.8,14627.93,10.93,6.88,218
4651,1,3885.9,0.62,14.66,6307,265,3.06,550.05,11.45,4.61,15286.45,8.57,6.22,290
4651,1,4132.6,0.58,15.14,7187,273,3.22,465.07,11.42,4.45,16092.45,8.33,6.75,306
4651,1,3975.4,0.7,13.66,5668,291,3.19,554.04,11.71,5,15935.23,7.86,5.98,299
4651,1,3537.9,0.47,13.1,7604,270,3.25,658.66,11.63,4.75,16269.2,6.5,5.39,272
4662,1,3855.18,4.22,9.4,913,410,2.79,583.07,11.59,6.77,13953.96,9.58,1.59,419
4662,1,3279.5,4.24,10.79,773,304,2.72,640.87,11.53,6.41,13582.11,10.6,3.7,338
4662,1,3529.16,3.8,10.08,928,350,2.66,682.58,11.24,5.21,13277.65,11.9,5.08,371
4821,1,1168.32,12.56,106.21,93,11,1.75,647.38,9.61,1.45,1747.01,46.54,87.07,91
4821,1,840.97,11.07,76.45,76,11,2.9,161.72,9.6,1.42,2903.2,47.25,87.81,57
4821,1,1091.45,15.16,64.2,72,17,1.89,215.01,9.98,4.45,1886.44,48.25,60.33,41
4821,1,327,6.41,27.25,51,12,1.9,797.94,9.78,3.92,1900.49,39.68,56.61,15
4821,1,236,5.02,33.71,47,7,1.77,1888.55,9.84,4.22,1766.49,38.86,59.77,10
4821,1,308,5.6,22,55,14,1.82,1167.89,10.91,3.22,1819.99,37.79,59.99,15
5133,1,7575.6,4.14,0.24,1832,30992,0.13,9.93,7.45,3,15014.94,10.27,44.07,36666
5525,1,846.18,2.6,12.63,325,67,1.1,345.22,8.98,4.07,10950.24,12.4,42.88,80
5588,1,10288.59,2.62,42.69,3927,241,5.7,528.55,9.15,2.62,28529.37,6.94,68.48,592
5588,1,8381,2.02,31.27,4145,268,4.6,562.28,10.4,2.92,22997.82,9.4,64.63,599
5588,1,10017.56,2.45,30.36,4082,330,5.01,759.8,9.79,2.63,25034.41,8.7,47.43,605
5588,1,12250.18,3.23,24.11,3792,508,5.51,770.6,10.55,3.17,27577.29,7.69,42.53,827
5588,1,11267.57,3.77,22.31,2992,505,5.41,837.02,11.04,3.08,27046.53,7.52,35.48,737
6369,1,44756.78,2.71,0.23,16518,196894,1.47,7.03,9.21,10.9,175830.26,1.95,0.64,199573
6392,1,7605.5,4.8,543.25,1583,14,1.27,1007.4,11.17,1.44,12689.34,46.41,97.78,230
6392,1,7766.2,4.99,597.4,1557,13,1.12,998.6,12.02,1.17,11162.31,47.39,97.47,253
6392,1,7732.4,3.96,552.31,1955,14,1.25,931.9,11.01,1.48,12451.48,35.29,97.73,276
6392,1,7329.2,4.97,407.18,1476,18,1.25,839.12,11.04,1.56,12531.98,33.79,97.26,327
6392,1,7083.7,5.22,416.69,1357,17,1.3,981.65,10.91,1.68,12967.34,34.16,94.14,355
6392,1,7834.34,6.05,460.84,1295,17,1.5,832.41,10.86,2.4,14972.5,34.96,95.22,414
6392,1,7831,4.51,391.55,1735,20,1.57,715.6,10.2,2.41,15666.27,34.77,94.24,404
6592,1,3463.93,5.87,49.48,590,70,0.51,417.12,10.93,2.01,4066.46,15.81,75.82,222
6592,1,5128.57,2.74,46.62,1871,110,0.89,343.23,12.05,3.46,7147.72,9.33,47.73,242
6592,1,7293.66,2.83,143.01,2577,51,1.65,518.98,12.22,3.71,13210.46,7.33,55.48,265
6592,1,7902.47,4.15,183.78,1904,43,2.32,594.65,12.23,3.69,18555.3,6.13,61.6,369
6592,1,9533.26,6.53,221.7,1461,43,3.08,1044.9,12.17,3.65,24608.26,5.68,62.68,202
6592,1,6945.31,5.01,128.62,1386,54,3.25,702.71,12.33,3.8,26035.93,5.22,64.97,228
6592,1,11657.83,3.16,159.7,3688,73,4,372.88,12.3,3.73,31991.14,5.05,63.02,510
7010,1,34420,4.02,3442,8568,10,2.63,693.92,12.34,1.47,52649.93,3.31,3.23,536
7010,1,39280,4.54,4910,8643,8,2.79,709.28,12.32,1.53,55729.93,3.58,1.83,579
7029,1,1705.5,1.76,77.52,967,22,0.14,496.31,9.7,1.13,1668.55,30.4,56.64,189
7029,1,2932,4.57,43.12,642,68,0.26,452.87,9.97,1.24,3065.08,29.92,32.95,214