wdzjPlatId,platName,isBroken,amount,avgBidMoney,avgBorrowMoney,bidderNum,borrowerNum,currentLeverageAmount,fullloanTime,netInflowOfThirty,incomeRate,loanPeriod,stayStillOfTotal,top10DueInProportion,top10StayStillProportion,totalLoanNum
34,麦子金服财富,0,167552.56,3.21,0.71,52253,235075,49.23,97.18,-763.84,13.11,24.64,531633.36,55.21,0.04,787014
37,瑞银创投,0,4866,24.33,101.38,200,48,8.75,1397.64,400,12.95,3.41,13556.7,51.29,30.51,70
38,微贷网,0,757887.3,4.92,6.96,154095,108887,133.55,2489.1,-11442.33,7.32,4.22,1710627.52,5.14,0.12,119419
40,你我贷,0,494611.33,3.34,1.2,148144,413057,144.9,0.8,-2028.74,11.1,13.61,1449029.07,1.06,0.01,4208694
49,汇通易贷,1,5267.81,3.6,34.89,1464,151,6.13,960.7,206.19,9.21,4.79,30630.27,10.43,6.14,279
52,拍拍贷,0,388570.41,9.24,0.33,42045,1161462,310.38,2.25,-2668.45,14.9,8.63,3103843.01,6.33,0.17,1374810
53,365易贷,1,20321.84,3.33,18.7,6100,1087,4.44,147.82,-731.33,11.87,5.01,134554.65,5.11,1.5,4115
57,人人贷,0,356146.69,1.63,6.9,218043,51592,268.62,2.08,-2204.81,9.83,35.05,2686245.92,0.61,0.02,976682
59,陆金服,0,269121.85,3.15,1.06,85330,253516,1233.72,0,-9400.63,8.29,23.71,12337241.18,0.41,0,253516
60,红岭创投,0,170419.76,4.84,36.72,35178,4641,90.77,28.9,-3868.4,5.84,2.93,544646.06,1.67,3.51,46831
84,捞财宝,0,68747.14,3.12,4.24,22048,16230,121.6,2.1,-235.12,10.93,26.97,357741.2,6.66,0.06,28410
85,宜人贷,0,393026.79,1.47,6.13,266588,64083,1272.06,1.57,13399.86,11.48,29.75,3816190.75,0.51,0.01,64094
91,团贷网,1,563135.84,2.89,26.65,194558,21132,139.22,122.8,-2596.02,14.08,3.21,1432940.99,0.51,0.08,247362
92,安心贷,1,14379.5,4.39,35.77,3273,402,24.71,314.15,801.31,9.19,9.66,123526.12,7.31,14.24,2956
93,人人聚财,0,45743.78,1.72,5.22,26598,8755,51.98,0,-200.86,10.52,16.4,279508.67,2.47,0.19,2232948
95,新新贷,0,26500.29,2.99,15.5,8877,1710,25.08,7.62,-512.45,10.54,10.73,125415.83,11.55,6.53,2129
96,投哪网,0,145028.43,2.8,7.03,51824,20617,78.89,0,6844.83,9.18,12.39,788908.01,17.82,0.09,20831
97,一起好,1,13767.17,2.32,0.63,5937,22004,49.35,4.95,-45.26,12.7,13.93,99192.01,7.46,1.18,23386
102,三信贷,1,11751.2,7.52,46.63,1562,252,5.54,305.74,334.75,11.55,4.74,27720,9.53,3.61,256
116,开鑫贷,0,3383.95,7.64,3383.95,443,1,25.11,229.55,-199.52,6.83,9.36,352144.23,12.75,96.14,442
117,合拍在线,1,14420.95,3.58,47.91,4028,301,11.88,364.8,294.03,10.72,6.44,118772.1,7.59,40.49,758
118,合力贷,1,3200,3.42,91.43,937,35,4.84,2274.04,-17.14,12.37,9,24206.73,13.95,8.24,57
120,钱贷网,1,4732.88,4.53,19.64,1044,241,2,24.61,0,10.95,3.87,9997.26,15.11,22.89,252
125,融信网,0,29.2,0.66,9.73,44,3,0.17,5824.4,0,8,2,1670.46,53.24,35.92,5
127,易通贷,1,89933.38,3.09,249.81,29106,360,25.79,131.38,164.29,12.41,4.88,386820.84,2.25,2.83,4666
128,信融财富,0,44459.74,4.1,20.35,10836,2185,35.36,35.42,-381.29,12.54,8.36,244159.73,12.45,8.01,5139
129,点融网,0,49763.11,3.55,0.87,8615,56901,29.22,0.2,-1046.63,10,14.44,876561.05,93.47,0.57,378080
142,有利网,0,263465.26,2.45,1.18,107423,222846,294.22,0,-1552.22,10.51,27.22,1471105.65,0.67,0.07,3819918
144,翼龙贷,0,193232.64,4.68,5.03,41268,38450,136.66,76.9,-6204.49,8.24,8,1366557.99,2.55,0.1,10121
154,宜聚网,1,42479.12,4.14,12.72,10269,3340,26.9,112.18,3540.04,11.86,5.77,134483.67,4.53,0.25,3340
165,广信贷,0,17361.24,0.71,3.86,24617,4498,31.45,335.7,-50.63,14.52,31.56,314548.22,2.55,0.05,78079
169,爱投资,0,126001.92,2.9,34.38,43492,3665,120.82,117.38,185.04,10.61,10.92,1208189.41,1.36,0.73,20552
171,雪山贷,1,11798,8.51,97.5,1386,121,10.13,1009.55,-2.52,12.41,6.12,60779.88,14.27,1.65,200
173,合盘贷,1,17264,3.1,479.56,5574,36,3.07,1044.82,650,10.2,5.64,61359.34,3.61,38.2,210
175,招商贷,1,38600.93,5.6,56.19,6890,687,16.04,329.03,447.55,10.18,4.94,178265.9,5.5,12.02,687
184,融金所,0,64465.37,2.76,10.84,23343,5947,68.04,333.57,1724.17,10.2,9.11,425232.96,2.84,9.37,5947
195,惠众金融,1,1875.46,2.77,72.13,678,26,1.22,76.23,70,15.32,9.81,6118.09,15.64,16.35,58
201,金e柴神,1,4836.96,10.4,210.3,465,23,8.23,191.2,346.32,11.92,3.15,16451.51,22.22,57.66,47
211,温商贷,1,213041.52,5.3,84.07,40197,2534,66.64,251.82,2090.05,10.63,4.92,666377.81,2.72,3.17,2931
216,钱爸爸,1,92187.15,12.9,295.47,7144,312,21.3,22.53,1057.45,8.42,1.03,106504.94,5.36,15.05,39931
217,宝点网,1,6034.7,2.49,9.01,2426,670,6.78,1230.38,-5,11.9,7.27,33916.75,7.27,13.34,232
220,广富宝,1,2479.78,3.11,9.25,798,268,2.96,67.47,-11.82,12.89,4.72,14844.14,33.43,3.52,270
223,小牛在线,0,93500.86,5.09,1.23,18385,76025,45.26,13.7,-1442.27,8.65,13.4,466132.31,1.42,0.69,168670
235,和信贷,0,135301.6,4.8,124.7,28211,1085,64.96,328.05,2612.95,10.67,8.88,683838.98,3.02,1.9,1086
236,新联在线,1,31771.9,4.28,50.84,7423,625,13.02,453.93,193.1,11.39,4.74,91150.45,7.81,1.45,625
245,诚汇通,1,13251.9,2.84,38.52,4665,344,10.03,662.28,224.74,13.57,12.13,100284.69,7.97,3.57,967
246,玖融网,1,8430.71,2.56,11.35,3296,743,26.64,203,193.92,8.94,5.3,66598.55,15.95,1.51,822
250,皖都金融,0,611.01,9.7,7.45,63,82,0.33,16.42,0,12.36,4.75,1142.41,79.75,17.46,84
264,可信贷,1,2008.41,0.74,3.5,2729,574,1.01,227.44,67.16,10.83,4.96,5033.1,48.05,4.2,574
268,积木盒子,0,246144.06,3.61,0.24,68102,1044115,35.12,6.23,-16406.68,9.08,16.13,702361.79,2.23,0.36,1059675
274,众金在线,0,3270,3.3,93.43,990,35,1.64,2042.7,40,10.15,5.6,16439.78,16.42,6.08,91
278,信和贷,0,2540.16,4.75,23.09,535,110,4.34,1031.18,13.24,11.44,6.42,21679.83,15.97,4.61,161
307,信用宝,0,0,0,0,0,0,23.89,0,-166.22,0,0,164236.22,3.33,0.1,0
310,民民贷,1,4878.17,8.01,13.33,609,366,2.35,208.38,154,13.96,2.14,11741.75,25.48,9.67,417
324,互贷网,0,20.03,0.1,5.01,200,4,0.65,47.1,-3.92,10,0.59,3908.11,10.58,26.98,4
333,资本在线,1,8335,7.64,117.39,1091,71,6.05,46.9,90.02,13.05,3.78,30240.04,10.65,28.67,472
336,丁丁金服,0,4535.67,2.14,7.67,2119,591,6.35,170.56,129.77,12.49,10.99,31726.38,4.27,3.16,634
339,合时代,1,24068.1,3.49,96.66,6894,249,12.5,803.59,690.77,10.8,8.09,250070.57,3.43,14.79,249
341,礼德财富,1,28815.9,2.28,30.33,12645,950,10.58,106.91,-484,10.32,2.93,105815.94,4.46,2.16,952
343,地标金融,0,12588,6.44,968.31,1955,13,3.85,550.1,100,10.28,1.08,38457.91,12.59,85.55,134
346,爱投金融,0,16430.53,3.87,14.09,4250,1166,10.27,44.82,87.34,8.5,4.79,51335.06,15.54,2.02,3200
361,创融在线,0,408.5,10.21,13.18,40,31,1.83,331.98,20,13.28,4.06,1827.02,49.15,42.9,38
365,向上金服,0,78065.13,1.88,3.47,41518,22479,33.99,0,-260.23,11.52,20.67,339942.79,1.31,0.29,1494774
368,沃时贷,1,6784.5,2.22,9.45,3050,718,8.76,309.22,-11.45,12.65,6.39,32858.55,8.63,2.66,813
371,易融恒信,1,3058.92,1.63,13.97,1882,219,69.35,56.93,-31.51,14.27,18.92,69345.48,5.67,1.4,248
373,真鑫贷,0,612.5,3.65,29.17,168,21,2.04,443.59,-68.5,12.96,3.03,2044.5,58.64,85.54,41
387,迷你贷,1,34209.7,8.04,41.62,4253,822,29.54,3.48,381.93,10.51,1.73,59075.45,23.37,9.84,1711
396,花果金融,1,5953.42,4.27,6.23,1395,956,6.66,667.73,-90.73,9.47,7.62,33322.12,12.9,18.11,321
398,粤商贷,0,4181.05,3.67,57.27,1140,73,3.54,1262.72,-0.57,10.99,4.58,17694.18,16.8,5.65,151
403,乾贷网,0,33087.56,4.75,5.2,6961,6368,194.34,0,0,12.56,29.89,194336.77,7.78,2,26402
405,利好贷,0,1629.8,3.65,29.63,447,55,2.37,205.58,-7,13.32,5.39,7098.78,16.86,14.09,120
417,后河财富,0,7922.8,9.09,6.91,872,1146,9.59,61.33,89.92,11.97,10.78,49673.55,45.01,1.93,1148
418,融通资产,0,2078.2,5.25,35.83,396,58,5.33,129.4,-90,9.13,5.4,10657.9,14.53,9.38,102
424,赣商贷,0,1305,12.67,87,103,15,1.76,294.28,-5,16.93,3.93,3520.09,47.64,30.68,130
427,鼎信贷,1,545.3,3.12,1.42,175,384,0.89,98.72,-13.74,11.63,5.76,8907.74,15.16,11.23,384
430,财富星球,1,13783.31,2.25,42.28,6132,326,7.62,236.72,268.77,8.84,6.41,76172.37,6.04,28.81,1135
435,立业贷,1,1191.56,1.79,0.23,666,5253,10.04,25.2,-65.67,10.56,3,22311.47,12.51,1.65,5275
440,金银猫,1,65846.59,5.11,126.87,12893,519,76.47,566.99,-1406.24,8,5.27,229420.54,2.44,23.28,888
443,永利宝,1,8505.64,1.7,23.43,4990,363,17.37,52305.33,-368.84,6,7.66,93133.93,16.99,1.15,366
446,贷贷兴隆,0,790.1,9.88,34.35,80,23,18.26,1.29,-117.94,6.79,10.5,36511.35,22.53,55.97,51
447,银豆网,1,48500.3,5.42,28.99,8952,1673,35.76,149.98,-103.35,12.97,11.47,286069.72,1.97,0.35,1673
455,联豪创投,0,701.8,10.47,43.86,67,16,2.26,32.59,0,9.81,4.51,2712.54,38.3,36.87,25
458,壹心贷,0,5558,14.82,84.21,375,66,1.79,147.49,-464.01,9.2,2.01,8927.65,39.03,11.76,162
460,付融宝,1,33400,3.62,100.3,9224,333,30.3,235.55,128.95,10.69,8.09,333275.7,3.08,0.93,334
462,沪臣地方金融,0,6280,15.7,92.35,400,68,3.89,1298.6,0,13.12,4.6,23330.01,29.33,52.29,76
467,钱多多,1,33715.53,4.17,15.17,8078,2222,20.06,459.02,1227.1,9.56,6.84,220647.58,6.43,25.33,2492
474,浙昌贷,1,5457,46.25,57.44,118,95,15.25,385.14,0,11.5,1.37,7625.87,50.16,10.23,97
475,鄂汇金融,1,4574.68,4.67,30.7,980,149,9.8,381.81,170.01,12.73,5.79,19592.2,13.11,5.46,419
488,金开贷,0,1962,7.03,85.3,279,23,2.16,1.8,0,7.9,10.5,17319.51,10.96,5.77,23
491,恒信易贷,0,10564.6,7.16,8.02,1476,1318,12.92,292.1,213.23,11.54,5.41,51678.05,14.7,0.44,1318
498,PPmoney,0,182779.03,0.84,0.57,218478,319097,62.73,0,-2716.28,9.82,5.44,940875.85,0.91,0.81,354525
500,理财范,1,42556.71,3.98,17.53,10692,2427,27.7,300.53,1830.7,11.53,10.13,348061.81,2.38,0.29,2427
504,码头益,0,111.6,15.94,18.6,7,6,0.42,1729.67,0,8.04,3.33,424.92,91.88,98.59,21
506,乐投贷,0,282.27,3.07,6.56,92,43,4.01,8.87,-10.13,14.06,16.66,4007.67,42.96,8.47,43
508,金信网,0,0,0,0,0,0,34.6,0,-3665.06,0,0,346023.23,2.66,0.34,0
511,车易贷,1,215.92,2.02,10.28,107,21,10.37,4028.17,-14.94,6,12,31116.38,12.59,2.86,21
512,信和大金融,0,32494.4,17.14,16.81,1896,1933,49.26,107.6,50.66,7.14,6.3,246318.65,4.53,0.73,1933
524,小油菜,0,10823.46,6.5,53.85,1664,201,10.79,363.66,-132.72,10.23,5.45,53945.14,15.83,3.22,352
527,金源贷,0,4191,23.41,838.2,179,5,5.02,80.14,90.01,11.45,2.59,10048.02,38.95,100,333
531,众房宝,0,3029,6.92,73.88,438,41,2.83,1121.6,34.34,10.87,3.59,8476.22,17.02,11.8,164
533,普天贷,1,2444,3.03,18.95,807,129,6.19,1195.22,74.18,10.42,6.45,18577.53,24.44,4.91,129
537,91旺财,0,151489.37,13.82,16.64,10960,9103,199.94,0.2,-802.03,8.87,2.63,126760.55,3.12,0.79,33961
541,抱财网,0,30105.12,2.95,31.39,10216,959,49.59,127.96,20,8.87,6.62,247937.87,4.06,4.37,1577
553,集利财富,0,3350,9.05,79.76,370,42,1.64,2494.6,-110,8.67,8.27,16426.27,24.62,6.09,42
566,e微贷,0,98,1.72,9.8,57,10,1.82,9938.11,9.72,10.32,7.1,9124.97,22.4,5.4,10
574,大同行,1,34628,6.13,769.51,5645,45,11.16,90.72,175.63,11.79,2.05,55775.65,7.74,37.18,1829
575,好收益,1,610.5,4.33,21.05,141,29,1.55,1562.3,-87.78,12.4,3.89,7765.42,36.95,12.87,30
580,浙江车贷网,0,752.85,5.54,6.12,136,123,0.75,221.31,14.4,10.76,1,752.85,32.21,21.93,128
581,山东高速金服,0,3516,3.09,41.36,1139,85,5.17,47.5,-55.55,9.59,9.82,30066.7,19.24,3.33,85
583,理想宝,1,30860.41,2.43,43.9,12692,703,259.77,450.85,-280.01,10.15,4.96,129883.08,15.55,0.77,703
601,阿朋贷,0,650.16,2.03,5.7,320,114,1.44,826.9,-72.71,10.95,10.37,7197.77,31.85,3.18,114
602,黄河金融,0,26,1.73,6.5,15,4,5.65,0.5,-23.63,9,2.81,33910.85,26.77,2.95,4
609,爱鸿森,0,1967,16.26,89.41,121,22,0.66,1707.9,0,7.72,1.34,4591.3,63.8,21.78,25
610,爱钱帮,1,71111.92,3.49,11.71,20393,6073,16.73,198.79,2028.29,9.68,3.45,167326.3,3.93,4.54,7097
611,汇盈金服,0,62022.14,3.57,2.51,17383,24707,46.24,7.4,414.22,7.62,5.01,231183.07,2.2,0.43,24707
615,小富金融,0,668,13.63,55.67,49,12,0.89,5.45,0,12.19,5.72,4444,36.15,80,26
622,财小喵,0,2113,2.44,58.69,865,36,0.93,92.9,15,9.03,0.99,4673.02,14.59,21.72,62
623,银湖网,1,8628.09,1.59,1.2,5412,7200,16.37,0,-23.3,12.43,28.49,327335.3,2.31,0.31,29305
628,石投金融,0,20486.89,8.23,9.75,2489,2102,11.28,136.82,136.35,8.18,4.28,62682.11,10.21,1.6,2316
629,工场微金,0,41897.53,6.56,99.99,6387,419,32.07,1009.3,390.67,8.5,6.38,160369.44,6.83,0.62,420
633,聚金资本,0,1.5,0.1,0.1,15,15,0.02,0.26,0,13.85,1.92,183.08,36.22,85.86,29
648,德众金融,0,200.85,3.35,15.45,60,13,2.22,116.37,0,7.79,11.2,4437.96,60.16,48.74,28
659,58财福,0,0,0,0,0,0,0.57,0,-128.92,0,0,2836.76,25.19,34.51,0
660,联金所,1,5428.38,6.08,2.46,893,2211,8.48,100.1,-342.37,12.42,15.12,57689.03,15.17,1.73,3658
662,惠富天下,1,675.19,4.14,14.68,163,46,1.07,190.87,11.35,9.94,7.54,5332.01,20.08,49.64,104
664,短融网,0,0,0,0,0,0,10.8,0,-67.57,0,0,59311.04,0.15,0.34,0
671,九斗鱼,1,32668.17,3.76,329.98,8677,99,12.5,816.86,515.95,9.75,3.43,74993.99,5.26,8.79,437
674,两只老虎,1,20523.33,2,3.03,10259,6781,17.74,12583.5,-588.65,10.09,4.43,88678.43,4.97,30.61,406
675,稳贷网,1,2128.1,3.74,14.88,569,143,9.21,46.71,184.65,18.17,19.65,27629.37,14.7,3.97,143
677,沪商财富,0,403.5,1.13,12.23,356,33,15.61,307.2,-87.21,12.01,4.2,19513.72,10.91,1.05,34
685,快快贷,0,9400,5.77,20,1629,470,0.79,194.23,0,9.17,2.32,17640.18,13.75,1.13,470
686,钱吧,0,4594.44,2.26,4.99,2037,921,6.6,17.1,83.65,7.54,3.13,33002.3,8.87,1.33,1065
687,ok贷,0,0,0,0,0,0,15.3,0,171.84,0,0,15298.06,26.7,5.55,0
689,爱钱进,0,835645.91,1.12,1.46,743657,573254,160.11,0.06,-497832.05,10.51,28.95,3202268.37,1.45,0.01,12633855
692,雍和金融,1,2107.9,4.09,51.41,516,41,20.69,1966.2,-19.75,10.91,7.69,20694.19,12.95,10.71,45
694,互融宝,0,15030,5.3,91.65,2837,164,11.35,132.3,-249.59,10.55,4.02,68075.95,11.6,1.47,164
695,旺财谷,0,5449.17,5.84,21.37,933,255,29.89,757,-198.3,7.85,5.33,29890.38,14.32,5.99,272
699,壹宝贷,1,4462.49,4.8,22.09,929,202,3.24,296,127.5,11.79,6.17,16211.42,10.84,6.88,340
709,介贷网,0,2376.66,3.09,22.42,769,106,11.31,0,15.81,14.03,10.6,22628.91,10.2,12.04,324
715,达人贷,0,6794.55,2.23,1.42,3050,4773,12.78,0.3,-44.15,13.89,14.48,38330.56,6.03,1.01,84964
716,惠车贷,0,1347.2,9.04,37.42,149,36,0.81,188.94,22.23,15.03,1.24,1628.5,37.93,85.95,135
724,新富金融,0,1063,8.64,75.93,123,14,1.85,0.07,0,7.55,3.67,9232.78,16.89,12.46,14
731,汇投网,1,7230,24.34,160.67,297,45,0.93,407.54,-600,9.44,4.15,9299.39,25.3,43.95,230
741,自由财富,0,4168.4,2.29,67.23,1820,62,6.56,260.6,-150,9.01,3.38,13115.44,3.57,8.01,89
743,融金宝,0,11760.85,4.66,25.24,2523,466,7.26,263.7,290.45,11.77,4.68,54439.29,5.95,1.84,1569
746,果树财富,0,2384.1,0.98,4.41,2438,541,15.49,346.16,-247.15,12.17,9.64,29040.45,12.2,1.07,589
776,51如易贷,0,3786,31.03,164.61,122,23,10.45,3.2,164,10,2.65,10447.65,36.85,65.71,40
799,广州e贷,0,3865.54,3.67,25.6,1052,151,2.45,378.4,-22.25,9.13,12.08,29403.37,23.49,3.4,251
808,今日捷财,0,4882.91,6.96,50.86,702,96,4.56,1354.44,-121.29,8.73,5.01,30120.28,12.6,3.32,96
809,金联储,1,86654.75,10.98,90.45,7890,958,22.79,262.1,-8319.76,10.44,4.39,227919.75,26.13,0.44,958
822,金控网贷,0,7332.42,15.28,1466.48,480,5,1.87,6.35,79.96,6.58,3.8,18679.42,22.05,98.53,1672
836,钱盆网,0,3915.81,0.32,0.2,12051,19852,45.13,3.9,-144.32,13.7,11.04,135395.4,3.19,0.74,34901
850,168理财,0,5464.62,2.61,10.84,2097,504,13.23,220.2,7.81,9.98,5.81,39693.25,8.14,2.82,610
852,知财网,0,37.4,1.44,6.23,26,6,1.04,54.5,-3.68,8.2,15.8,520.33,72.32,20.11,6
868,网利宝,0,69871.8,3.88,87.67,18014,797,63.4,465.5,-176.01,9.09,5.06,317013.6,3.71,0.32,859
881,图腾贷,1,46826.5,13.1,1.26,3575,37025,96.73,15.86,-148.14,12.41,3.96,123615.01,6.75,0.64,37385
883,珠宝贷,0,1076.54,6.9,20.31,156,53,0.25,4.16,0,9.73,5.12,10600.27,25,11.32,89
891,安心de利,0,150,4.29,50,35,3,0.13,587.66,0,7.83,2.67,215,74.44,100,5
894,融资易,0,4577,8.6,48.69,532,94,1.4,86.5,18,11,3.15,13966.45,20.57,7.16,94
897,利民网,1,35805.95,2.75,12.86,13044,2785,9.09,148.09,7.45,9.51,2.93,90892.88,4.35,0.63,2994
900,安捷财富,1,21142.23,3.79,50.22,5585,421,11.05,495.07,617.62,12.91,11.78,220995.92,2.74,13.92,422
905,微车融,1,11903.1,4.54,91.56,2621,130,7.6,227.16,74.3,16.71,2.78,22798.18,9.96,55.39,842
916,财神在线（渝）,0,2340.96,7.23,66.88,324,35,9.08,1660.79,88.91,8.69,4.54,9077.05,24.54,11,82
923,普惠理财,0,6150,20.1,143.02,306,43,6.83,1697.84,50,9.25,7.71,34151.04,27.05,52.72,77
932,拓道金服,0,30661.16,6.17,9.5,4971,3227,23.16,61.7,123.25,9.23,4.31,115813.12,25.65,0.35,3255
933,小微金融,1,14650,2.51,252.59,5838,58,3.22,528.13,-1350,11.63,3.26,64299.99,11.5,63.37,295
942,宜贷网,1,274909.34,8.69,41.09,31638,6691,54.39,8.51,6.43,10.74,5.79,543908.84,4.26,0.21,304053
948,乐投壹佰,0,1383,4.74,153.67,292,9,4.02,5693.2,-0.42,9.87,5.8,6030.64,46.35,97.06,21
950,银票网,1,14460.5,3.47,964.03,4167,15,4.71,792.19,-743.62,8.54,2.73,47146.52,8.02,76.5,101
960,步步盈,0,2820,6.16,2820,458,1,2.93,36.18,50.01,8.69,6.63,29253.94,20.49,99.49,48
971,中金贷,1,333.38,1.51,41.67,221,8,0.02,3262.42,21.33,10.72,0.16,83.46,67.74,100,30
974,钱盒子金融,0,3680.6,5.4,89.77,681,41,4.59,439.6,129.3,11.54,4.35,27518.49,14.16,3.63,296
983,喜投网,0,8742.06,3.93,3.59,2223,2435,11.89,0.2,-69.76,12.39,21.89,59694.12,7.48,0.55,5434
1001,汇理财,0,20423.71,4.75,9.18,4304,2224,21.27,40.3,1012.47,12.55,10.62,106327.05,3.83,56.62,2638
1004,易金智慧,0,456.59,2.54,45.66,180,10,21.2,0.3,-0.57,7.16,7.28,10601.27,13.85,9.56,10
1005,中融宝,0,4010,5.17,97.8,776,41,3.55,2.39,400,8,6,35474.83,6.85,2.82,41
1017,网汇贷,0,5262.6,7.09,14.58,742,361,4.76,13.45,-0.51,10.38,6.17,24761.13,13.41,3.32,614
1023,温易贷,0,1080,24,1080,45,1,1.11,386.86,-40,14.26,1.89,2100.05,52.47,100,54
1036,助商金服,0,93.3,11.66,6.66,8,14,0.79,5.7,-146.63,8,0.98,7938.17,18.91,2.02,14
1041,邦帮堂,0,4160.25,7.63,8.39,545,496,1.61,0.03,-30.8,10,4.51,16100.96,35.55,7.5,509
1056,速贷100,0,71,4.44,17.75,16,4,0.21,1073.73,-5.74,14.31,2.87,206.45,67.18,99.8,9
1069,小猪罐子,1,5949.25,2.01,371.83,2966,16,11.03,560.79,101.26,11.06,5.57,34471.75,6.88,72.97,372
1077,泰然金融,0,225950.01,9.91,2.43,22789,92911,23.5,3.97,-4653.08,9.07,4.79,469922.84,5.13,2.58,101166
1089,口贷网,1,29895,9.17,533.84,3260,56,21.78,698.74,400,14.09,5.29,119790.34,4.84,29.05,308
1090,生菜金融,0,5000.15,0.98,8.4,5122,595,7.26,11.1,-37.72,9.94,14.3,74048.41,6.03,1.35,15533
1095,聚优财,0,34286.78,13.19,2.03,2599,16931,22.38,0,-1210.75,7.65,5.68,124364.71,13.65,0.8,21333
1112,天玑汇富,1,4504.7,4.89,77.67,922,58,3.62,522.99,318,12.99,5.87,21691.91,16.03,42.5,274
1113,智融会,1,5964.4,1.91,298.22,3127,20,2.96,1074.07,179.76,11.99,1.81,14792.21,21.87,84.92,127
1121,鸿学金信,0,485.03,0.88,1.82,552,267,6.93,721.6,-6.17,10.91,20.77,3465.35,31.26,0.95,267
1130,金桥梁,0,3423.21,1.94,4.94,1769,693,8.65,25.2,26.76,12.53,2.89,10397.64,22.16,5.11,696
1131,投米网,0,4522.46,4.19,28.09,1080,161,134.2,348.09,-832.06,8.54,13.6,134197.86,8.07,7.48,163
1135,爱上贷,0,808.48,4.28,2.61,189,310,1.2,3.72,11.5,15.05,1.01,1200.24,24.79,17.66,313
1144,融贝网,0,42977.75,2.48,2.75,17359,15616,149.3,2,-719.59,9.66,19.28,180950.12,6.06,0.55,342699
1146,钱途在线,1,1550,7.99,1550,194,1,0.3,1760.43,0,10.39,1.39,3007.22,29.65,100,20
1152,麻袋财富,0,425200.08,9.1,0.88,46748,485906,134.79,0,-1225.47,11.71,18.09,1482635.19,2.5,0.02,7355303
1160,众易贷,1,5884.7,5.18,21.56,1136,273,2.11,229.58,-32.68,14.95,1.94,10549.57,12.43,4.74,273
1167,万利金融,0,384,3.76,192,102,2,0.46,1106.92,6.73,12.81,4.63,1384.85,39.93,100,84
1190,博金贷,0,28769.34,6.76,9.64,4254,2985,9.42,27.2,-9.11,9.33,7.27,133358.44,6.77,0.91,4496
1195,鹏金所,0,6778.07,6.63,7.32,1022,926,0.48,8.94,72.35,7.36,7.16,35927.13,8.24,2.78,2284
1208,迅泊达,1,4215.67,25.86,4215.67,163,1,2.45,578.19,0,11.47,1.77,7342.31,42.73,100,135
1216,乐居财富,1,20389,3.42,399.78,5964,51,23.61,58.07,558.99,12.93,5.68,118031.02,0,4.77,649
1223,迪迪贷,0,1200,5.17,100,232,12,3.04,14.4,-82.86,12.83,4.17,3037.65,23.53,36.21,12
1224,君融贷,1,39451.55,3.61,8.8,10925,4483,10.93,128.92,919.52,9.5,5.07,72295.12,2.96,1.32,5676
1229,百泉贷,1,2000,4.39,100,456,20,19.8,1606.98,0,12.95,10.8,19800.56,19.34,5.05,20
1241,禾泰财富,0,5309.5,50.09,67.21,106,79,11.33,608.78,-460.01,10.89,3.26,11331.34,53.42,22.92,164
1274,大麦理财,0,6093.82,3.17,89.62,1921,68,11.91,2314.9,-135.26,10.17,9.07,35718.89,9.1,2.8,69
1282,连资贷,0,29179.54,18.49,0.48,1578,60861,41.18,0.8,50.53,8.16,2.31,44268.15,12.7,2.26,62611
1286,信广立诚贷,1,11805,5.05,200.08,2339,59,14.24,665.25,219.08,10.69,7.11,71178.31,8.22,19.17,526
1291,富春贷,0,3186.16,18.97,7.38,168,432,0.84,0,59.88,13,0.56,2680.33,29.72,12.45,437
1297,众可贷,0,660.19,2.34,19.42,282,34,0.5,0,197.03,12,16.96,2507.18,28.44,45.32,1082
1309,小赢网金,0,442001.13,4,1.49,110542,297401,74.59,0.1,-3999.1,7.3,10.63,1491785.28,1.25,0.21,12170905
1312,恒大财富,0,2208.18,16.6,138.01,133,16,1.7,247.79,62.56,10.8,10.29,9512.38,45.81,89.94,208
1330,优聚投,1,225.22,4.33,112.61,52,2,0.38,2686.83,10.01,9.78,1.49,759.79,49.01,100,14
1331,投复利,1,8499.88,2.16,5.81,3934,1462,29.45,14.07,118.9,16.58,18.44,44175.92,8.81,5.12,1598
1333,众联财富,0,316.37,3.72,7.53,85,42,0.45,69.29,9.95,12.81,5.5,904.93,41.08,40.19,52
1345,搜易贷,0,21194.76,3.79,5.04,5587,4204,5.8,0,-394.18,8.6,11.91,174071.37,5.52,0.61,41542
1348,牛牛bank,0,7002.5,6.63,200.07,1056,35,3.17,594.85,1203.49,9,4.65,31703.4,9.69,50.58,150
1392,融租E投,0,9497.33,12.7,41.65,748,228,4.36,148.33,106.07,6.51,1.8,43565.81,15.95,30.28,288
1401,车能贷,1,1269.18,2.85,6.07,446,209,1.25,161.12,-22.91,11.32,1.52,1736.05,23.86,11.44,209
1411,小微时贷,0,7844.96,2.74,9.05,2863,867,10.09,443.91,197.09,13.1,6.37,50451.43,9.49,0.88,869
1412,投资去,0,199.8,4.34,99.9,46,2,4.02,20.7,-100,7.5,0.93,4019.82,27.34,24.88,17
1423,民投金服,0,356,1.89,11.87,188,30,0.55,0.5,-24,8,3.01,8289.62,44.18,2.41,30
1436,网投网,1,7826.16,3.48,32.47,2250,241,4.73,206.24,348.96,10.72,2.97,23669.2,9,24.85,795
1437,华人金融,0,5043.95,2.07,5043.95,2434,1,0.59,56.9,143.29,9.48,10.54,59105.5,6.02,57.24,3342
1440,可溯金融,1,45191.23,3.94,12.99,11466,3478,19.31,39.43,-910.73,9.5,2.51,96568.76,3.47,1.04,7408
1441,京金所,0,2083.11,4.78,23.67,436,88,13.14,1225.13,-26.89,8.83,2.84,14637.1,26.89,16.2,182
1444,量子金融,0,2890.51,4.9,3.85,590,750,11.7,3.2,21.32,13.96,4.84,11699.13,23.23,3.75,1073
1448,金柜贷,0,164.5,3.66,5.48,45,30,0.94,145.27,-25.5,8.96,9.03,1887.87,37.22,33.45,37
1450,利聚网,1,2577.85,2.38,35.31,1082,73,9.46,451.26,-20.08,15.6,2.83,9458.59,12.39,24.25,168
1465,渝金所,1,13372.14,2.82,405.22,4740,33,2.33,770.27,402.19,11.02,1.81,23314.76,24.54,44.46,275
1468,为为贷,0,2112.31,8.48,4.32,249,489,2.86,219.8,-1.25,10.84,2.79,5713.73,27.07,3.63,492
1473,喔喔贷,0,3567.04,4.77,21.11,748,169,7.05,19.28,148.8,9.66,6.1,21139.24,10.66,18.74,180
1483,51帮你,1,4535.6,9.67,64.79,469,70,1.12,249.96,40.37,12.09,1.23,6154.83,21.88,25.08,255
1485,祺天优贷,1,33312.95,10.42,3701.44,3198,9,15.13,451.5,-485.68,10.5,2.6,75670.4,9.54,99.79,711
1491,178网贷,0,75,2.68,9.38,28,8,0.02,78.32,0,14.87,2.73,192,71.16,80.21,19
1493,民贷天下,0,11833.74,1.02,1.6,11567,7386,6.71,3,-244.77,10.34,24.76,134173.79,4.69,0.75,209942
1496,元宝365,0,21684.19,1.62,6.18,13389,3509,12.19,135.18,283.16,8.91,3.49,60963.56,1.09,3.38,3510
1497,易贷在线,1,1795,11.66,59.83,154,30,0.91,100.1,20.3,18.34,1.5,2720.34,45.95,66.47,139
1503,恒易融,0,155862.22,9.69,5.75,16091,27097,247.36,0,2512.03,11.84,28.92,2473597.9,0.4,0.01,27103
1516,丰汇金融,0,7608.68,7.38,7608.68,1031,1,4.69,44.01,297.79,10.64,6.71,46861.64,10.52,100,288
1523,红顶金融,0,990.58,5.38,66.04,184,15,0.81,2719.6,-70,9.95,8.91,8058.29,45.05,91.42,56
1527,百金贷,0,34815.27,2.7,14.85,12871,2344,6.21,177.66,1354.68,9.78,2.88,71954.22,6.75,0.3,2475
1530,金融圈,1,27401.53,3.48,27401.53,7873,1,12.05,427.97,-5.72,8.69,5.59,241022.06,5.21,100,294
1542,融之家,0,1248.25,7.39,20.46,169,61,0.75,409.02,22.31,11.93,3.71,2256.66,48.89,76.98,108
1552,梦想盈行,0,1880,8.32,89.52,226,21,1.12,523.57,0,9.43,4.64,5599.85,38.75,19.64,43
1577,紫金所,0,3941.8,2.98,9.93,1323,397,49.59,0.7,-85.3,10.45,19.52,49591.22,9.28,0.52,397
1581,财富500,0,1465.6,5.37,732.8,273,2,4.11,383.93,0,8.87,2.33,4108.99,35.5,100,63
1585,秒贷金融,0,0,0,0,0,0,1.43,0,-74.2,0,0,7136.23,13.23,41.97,0
1613,人人融,0,3871,61.44,53.76,63,72,5.89,127.9,82,9.17,8.09,17682.9,63.73,12.87,119
1614,58车贷,1,11099.46,2.59,13.03,4284,852,8.08,162.85,447.62,11.43,3.44,40389.71,4.65,6.36,1107
1616,诚投在线,0,2090,8.43,160.77,248,13,1.71,4402.63,86.3,13.73,4.78,8533.68,31.44,69.52,22
1619,倍多金,0,1448,7.39,45.25,196,32,2.09,127.9,95.1,9.53,9.54,10434.35,20.64,9.58,32
1623,中融投,1,13456.33,3.69,59.81,3643,225,10.01,801.02,904,11.54,6.19,55632.02,7.89,1.86,239
1638,隆金宝,0,7386.04,38.87,7386.04,190,1,5.8,14.54,-2170.38,7.61,7.17,97169.8,64.32,100,507
1653,中兴财富,1,1083.2,3,0.31,361,3551,4.73,7.06,-134.66,11.05,3.2,24606.48,15.72,2.23,3551
1673,赶贷网,0,669.79,1.33,6.57,503,102,0.26,1118.8,-27.36,9.66,2.39,1286.59,8.56,22.07,108
1678,银子铺,1,17493.6,8.38,126.77,2088,138,3.07,341.41,504.81,11.01,2.01,30655.6,7.91,50.92,662
1681,微易贷,1,1222.26,5.05,1222.26,242,1,6.57,11.47,-33.73,17.65,9.76,6569.45,20.67,99.41,2284
1701,三益宝,0,12944,4.85,48.12,2668,269,11.83,92.59,727.04,13.49,11.92,59141.96,7.2,25.87,269
1715,糖果金融,0,1915,6.47,12.6,296,152,2.01,51.24,-17,9.71,8.67,10063.05,29.96,6.49,153
1721,融商贷,0,2265,8.88,2265,255,1,0.87,150.77,7.08,15.33,1.27,2614,25.37,100,209
1722,捷创贷,0,514.1,21.42,514.1,24,1,0.68,243.6,-22.5,13.25,1.04,681.61,84.6,100,85
1732,钱保姆,1,35017.43,3.78,139.51,9269,251,6.71,16417.33,898.58,10.25,1.79,67055.2,4.3,55.56,865
1745,米缸金融,0,3.24,0.65,0.36,5,9,0.14,0,0,7.86,6.65,1431.63,24.88,13.97,17
1746,飞特金融,0,514.5,5.2,25.73,99,20,1.49,302.86,-10.13,14.33,1.74,1488.65,56.6,59.04,47
1748,道口金融网,0,2060.4,5.99,9.41,344,219,9.51,0,2.38,10.64,5.64,9512.28,16.48,6.23,337
1757,堆金网,1,1703,14.43,85.15,118,20,1.16,1840.27,-21.91,12.68,6.22,10484.06,85.3,71.44,104
1761,分钱网,0,8150,63.18,626.92,129,13,1.26,115.75,498.01,12.9,3,12567.88,52.68,72.54,343
1764,医购贷,0,2310,4.25,85.56,544,27,8.04,82.67,107.61,11.15,9.58,32162.4,20.06,3.11,27
1774,企额贷,0,1680,10.31,98.82,163,17,3.71,390.67,-398.93,11.5,6.55,18574.88,14.5,6.23,17
1801,众隆金服,0,2457.6,5.41,17.68,454,139,2.43,792.34,33.75,11.84,3.83,7292.33,25.88,9.35,150
1822,小鸡理财,0,10221.17,2.85,0.33,3590,30532,6.77,0.36,-13.45,9.84,4.64,40628.68,8.92,4.39,38322
1828,黔商贷,0,360,2.73,10,132,36,0.11,300,-10,11.75,3.75,1119.97,23.37,8.93,36
1842,袋鼠妈妈,0,87,5.8,7.25,15,12,0.23,10.8,0,8.2,7.99,1354.08,47.39,16.39,12
1864,多宝贷,0,1480.3,2.59,25.97,572,57,10.77,444.5,-36.76,9.93,7.29,10777.86,20.57,9.41,57
1877,瓯金所,0,3769,24.96,198.37,151,19,4.16,7.03,7,13.04,1.09,4156.99,46.3,82.68,334
1881,有融网,1,58781,3.56,27.62,16514,2128,11.57,87.37,1709.42,11.67,3.61,173508.64,3.8,1.99,2447
1912,中储贷,0,1867,5.89,62.23,317,30,1.3,225.94,40,12.21,3,3911.98,21.66,25.56,45
1914,方元金服,0,68,2.62,17,26,4,3.28,12.32,0,7.82,8.65,10949.13,19.7,9.13,4
1916,精融汇,0,10436.21,3.65,7.5,2857,1392,4.99,11.48,407.89,6.18,4.67,24959.12,6.01,7.14,1404
1918,金牌理财,0,2805.8,4.54,12.7,618,221,1.19,145.31,-24.69,13.83,2.05,5970.48,20.96,12.5,242
1920,车富88,0,1040.7,7.88,23.65,132,44,0.64,837.83,13.58,9.61,3.08,4182.39,33.36,23.5,87
1926,合伙人金融,0,1304,18.37,65.2,71,20,0.47,0.8,100,11.16,3.13,2327.7,67.54,42.96,20
1928,万富宝,0,1850,8.01,80.43,231,23,1.05,1198.48,-101.24,6.89,3.08,5242.83,28.89,25.63,31
1937,借贷之家,0,959.04,3.17,30.94,303,31,2.98,89.7,-100,10.43,5.7,17898.15,21.43,5.59,31
1941,粒子财富,0,0,0,0,0,0,0.58,0,-10.18,0,0,1165.22,49.61,13.63,0
1943,石榴壳,0,1438.01,15.8,31.26,91,46,1.94,88.24,0,9.91,3.7,3873.02,64.79,28.92,52
1944,光华财缘网,1,1880.65,7.35,39.18,256,48,1.92,333.3,198.38,10,1.38,5004.28,32.38,20.69,92
1949,固金所,0,360,2.55,60,141,6,1.65,9885.34,0,8.34,3.33,8266.13,15.91,12.1,6
1957,网筹金融,0,970.3,2.97,14.93,327,65,0.95,83.22,18.08,8.98,4.41,4765.54,26.95,4.83,67
1959,房易贷,1,1626.5,3.06,162.65,531,10,2.91,103.49,-0.36,13,10.73,14572.62,12.24,23.42,70
1982,道口贷,0,19376.74,3.45,33.01,5616,587,9.31,13.3,-270.89,9.02,6.19,110217.92,3.49,0.91,587
1984,七彩格子,0,240.04,16,0.19,15,1243,0.02,0,0.32,7.5,0.48,78.24,100,4.5,1540
1989,前海广深发,1,1067.4,2.5,15.93,427,67,1.48,793.22,-7.45,14.43,8.03,7387.41,22.54,10.86,128
2001,东方汇,0,1216,7.85,3.95,155,308,8.93,0.88,-646.39,6.26,10.87,178675.32,12.58,9.19,308
2002,皖乾商贷,1,1815,5.5,1815,330,1,3.35,123.15,17,16.71,13.21,16731.27,26.9,63.32,273
2005,友金所,0,65352.1,0.77,17.87,84548,3658,156.37,10.22,-556.74,9,34.85,781851.59,3.84,0.1,3658
2009,屹农金服,0,1296.36,5.64,6.72,230,193,4.19,19.17,-13.25,9.71,1.34,8382.06,18.29,42.34,1836
2016,铜掌柜,0,16048.1,2.93,73.28,5481,219,47.39,72.89,-232.59,9.09,12.64,149644.99,1.67,9.11,2451
2025,建工E贷,0,450,9.38,90,48,5,0.18,3112.89,50,11.87,1.89,880,57.74,100,9
2052,聚车金融,0,17330.92,18.9,9.14,917,1897,3.51,67.4,-205.36,8.55,1.07,17560.11,19.95,2.65,1897
2064,东方车贷,0,4444.22,4.75,14.02,936,317,5.48,286.1,63.04,11.43,6.65,16434.93,17.14,3.09,469
2070,优投金服,0,577.86,2.63,14.82,220,39,0.98,0.38,-1.3,9.22,4.14,2926.47,34.37,7.38,39
2090,亿宝贷,1,95885.66,6.77,0.18,14156,524377,1,0.32,2607.91,8.38,1.66,119583.86,2.34,18.56,799084
2102,种子拼图,0,212.5,3.32,11.81,64,18,0.55,292.8,-8.51,13.28,2.95,1637.99,37.8,89.49,68
2105,丰投网,0,1260.09,5.97,13.13,211,96,2.27,908.99,-93,8.93,1.56,2413.38,36.75,31.01,115
2109,财神驾到,0,63,12.6,12.6,5,5,0.05,2.2,0,9.7,7.43,244.37,99.99,76.52,6
2113,木头人,0,1735,4.92,48.19,353,36,6.59,26.9,50,10.54,5.14,6594.96,15.44,15.92,41
2114,链家理财,0,18818.51,8.12,3.78,2317,4979,30.36,2.18,47.02,6,9.37,52214.77,12.14,0.41,5377
2120,福银票号,0,2937.62,9.54,27.2,308,108,7.93,1031.1,-374.51,7.18,3.21,23795.39,16.49,8.8,108
2126,一点通财富,0,79.81,1.77,1.43,45,56,0.24,78.9,-2.5,11.33,3.15,725.07,89.8,31.42,91
2136,智富贷,0,8712.4,4.68,8.31,1861,1049,6.9,68.9,-34.87,7.98,5.7,34476.81,10.15,0.94,1049
2140,轻易贷,0,213800.69,5.76,11.6,37130,18437,3.52,0.6,3507.4,8.43,4.05,880084.1,39.89,0.12,42046
2143,信贷通,0,1780.45,10.6,29.19,168,61,1.3,0,49.35,12.12,3.22,6523.77,66.22,54.04,131
2144,e兴金融,0,799.8,4.73,29.62,169,27,3.75,9.82,-9.07,9.42,9.83,18741.84,12.28,5.89,27
2145,冰川财富,0,269,7.47,16.81,36,16,1.83,5.48,0,9.23,5.16,1826.04,40.42,35.05,16
2154,果儿金融,0,1512.1,3.34,15.92,453,95,3.81,189,0,8.85,6.1,11432.7,23.67,8.74,142
2181,即利网,0,1000,7.87,76.92,127,13,6.04,379.08,-90,9.51,5,6038.09,34.09,16.56,40
2189,多赢,0,11461.11,3.89,23.06,2950,497,11.4,216.1,-1.57,9.39,6.06,56983.68,4.84,1.75,498
2192,你好贷,0,686.4,7.38,26.4,93,26,0.75,0.56,0,8.94,4.31,3763.45,38.91,26.57,36
2198,云钱袋,0,148.41,1.55,1.95,96,76,0.84,121.53,-32.03,9.59,7.12,4195.98,17.55,7.76,76
2199,光合种子,0,10,0.71,10,14,1,0.19,5143.05,0,9.6,6.87,959.15,60.01,25.01,1
2202,麦麦提,0,18569.5,17.82,3.71,1042,5003,6.86,7.3,-82.86,11.99,3.09,41169.29,61.91,0.68,5038
2203,乐投创富,0,331,3.41,7.04,97,47,0.39,0,0,11.98,5.1,1181.83,32.12,16.29,47
2219,e路同心,0,4963.08,0.93,2.19,5357,2265,1.33,12.4,-18.58,10.21,14.43,26679.3,9.91,3.75,9493
2248,快捷财富,0,1194.02,4.01,38.52,298,31,0,3210.2,0,18.06,4.68,0,0,0,49
2310,绿化贷,1,7431.13,2.44,33.78,3045,220,11.08,272.5,167.89,11.51,8.79,55396.35,5.55,7.23,546
2375,杉易贷,0,5116.48,7.86,20.22,651,253,2.47,3.5,-73.2,10.04,7.97,24921.77,12.68,4.45,1234
2388,小宝金融,0,917.87,2.51,3.64,366,252,7.49,172.6,-111.2,13.05,6.68,37465.09,10.82,7.11,1004
2389,壹佰金融,1,5377.77,2.92,6.8,1839,791,8.2,169.98,-288.08,9.43,4.05,40977.95,12.76,30.21,1785
2401,金福财富,0,822.7,1.19,8.31,692,99,1.27,455.59,-1.67,16.08,7.27,7344.44,7.01,3.17,101
2439,盈金所,0,909,7.84,9.67,116,94,0.62,263.61,5,14.91,1.91,1855.03,50.01,19.73,94
2455,拓天速贷,0,2517.27,2.69,12.22,935,206,2.73,1037.64,209.21,10.36,8.69,13631.37,6.28,8.97,208
2491,众贷汇,1,5041.79,1.42,21.83,3542,231,5.01,392.31,17.57,11.22,3.02,15030.12,11.95,9.73,441
2565,鼎诚创投,0,379.1,18.05,12.23,21,31,0.46,286.2,0.2,11.66,3.13,2276.41,67.06,20.3,46
2570,蜂投网,1,2184.99,2.03,156.07,1076,14,0.6,1651.3,-49.34,12.93,1.92,3006.62,11.47,90.85,211
2591,掌中财富,0,1575.46,4.22,7.33,373,215,3.69,1.7,-50,10.31,5.68,18445.29,72.33,2.89,226
2600,钱香,0,10085,4.58,80.04,2200,126,38.62,553.3,450.63,8.16,7.16,61796.03,15.35,1.62,128
2608,鼠贷金融,1,2654.5,4.06,16.39,654,162,10.71,588.82,31.49,13.61,8.77,10706.17,24.49,21.7,163
2622,九信金融,0,6152,4.04,473.23,1524,13,0.27,0,-310.23,7.99,7,53035.72,11.27,82.39,309
2635,钱内助,1,13999.25,2.52,20.99,5560,667,8.36,0,-44.51,12.41,2.89,41819.38,8.21,2.53,667
2636,淘淘金,0,219.09,1.1,2.17,199,101,13.72,355.92,-1520.87,8.84,11.21,68615.91,9.01,98.11,103
2639,一点钱,0,1231.09,9.19,30.03,134,41,0.73,1344.26,0,9.6,2.3,7342.58,48.05,13.62,41
2671,安心投,0,3005,5.18,44.19,580,68,5.33,12.9,-15,7.91,3.27,10652.01,34.54,14.15,159
2674,小猪理财,1,60457.17,6.34,30.99,9529,1951,9.84,222.47,110,12.22,2.53,98428.39,4.18,1.02,5910
2683,小狗钱钱,0,1666,3.18,69.42,524,24,0.62,492.3,-50,10.58,3.28,30910.93,7.99,14.77,72
2691,众金所,0,790,4.11,49.38,192,16,0.3,346.65,-20,11.54,3.06,2976.53,43.9,33.6,76
2697,惠农聚宝,1,29692.31,6.59,14.66,4509,2025,12.82,46.37,0,9.79,5.98,125631.69,3.14,0.8,11391
2750,聚宝普惠,1,2564.39,1.21,36.63,2124,70,2.52,1077.24,-1087.18,8.77,9.09,795672.12,1.18,47.66,81
2751,利得行,1,1912.34,6.55,39.84,292,48,6.81,836.54,-186.71,10.07,4.57,7560.5,27.54,14.04,110
2762,宝象金融,1,30603.94,4.36,19.19,7015,1595,11.93,439.69,520.33,9.55,4.99,119277.95,5.05,3.15,1600
2781,第三方金融,0,1288.41,5.99,16.11,215,80,0.78,1134.43,24.71,15.88,4.43,3898.97,52.05,28.05,80
2813,信融投资,0,692.51,2.42,14.43,286,48,0.28,2220.66,18.9,10.84,1.86,1409.11,26.96,14.19,48
2817,富金利,1,1330,5.45,41.56,244,32,0.57,0.01,-10,13.92,4.75,6675.01,37.95,15.88,103
2820,鲁金所,0,5831.54,8.43,8.07,692,723,2.53,7.8,-171.42,8.28,5.68,25343.17,36.28,19.05,877
2833,简易贷,0,554,4.78,4.33,116,128,0.52,24,-3.57,12.8,6.31,4147.19,68.12,24.11,128
2857,凤凰金融,0,80197.19,1.61,1.77,49839,45305,983.79,3.2,-1321.03,8.59,20.09,1047740.87,0.88,0.02,46791
2910,爱本地,0,81.52,1.57,3.02,52,27,0.38,98.06,-2.47,7.86,31.8,1892.47,42,26.7,461
2918,广群金融,1,4096.28,4.59,0.12,893,33256,0.37,3.71,49.22,8.57,0.68,2976.39,24.38,2.22,34244
2930,万盈金融,1,57660.04,3.76,24.68,15319,2336,18.04,79.58,-2413.04,10.75,8.23,180440.18,7.13,2,6059
2953,知商金融,0,8757.28,2.23,8.93,3932,981,4,180,118.54,10.02,3.82,39952.26,13.94,1.39,981
2954,金投手,1,10285.16,13.71,1714.19,750,6,2.63,239.38,-546.03,5.63,0.62,13138.81,15.83,100,584
3029,首E家,0,34166.17,17.22,0.37,1984,92869,92.2,0.2,-538.87,6.87,4.88,92198.05,5.19,1.08,107392
3038,青鱼金融,0,721.05,6.55,65.55,110,11,1.15,4290.17,0,7.99,6.38,3443.54,55.04,29.04,13
3051,易港金融,1,8117.44,3.51,12.47,2312,651,7.74,213,-158.72,10.54,6.4,46453.56,9.93,2.25,689
3090,中业兴融,0,13315.26,1.08,0.13,12373,100168,37.54,4.4,-629.84,13.72,38.37,197559.78,3.85,0.51,100168
3098,惠投无忧,0,276.3,3.29,21.25,84,13,3.86,1.8,-1.95,10.17,8.39,7718.88,26.13,12.96,13
3148,小平贷,0,454.05,2.11,8.11,215,56,2.45,162.5,0,10.4,10.9,4905.17,22.86,20.39,75
3164,陇e贷,0,2990.71,11.41,80.83,262,37,5.96,0.8,-90.55,6.91,7.3,17883.73,14.97,5.59,50
3168,惠金贷,1,2235,9.01,12.49,248,179,2.09,161.95,51,13.83,7.56,20942.24,17.92,3.24,181
3175,满益网,0,6079.04,4.81,26.32,1263,231,4.61,5.7,-67.72,7.3,8.38,23057.44,9.39,4.34,272
3187,投融家,1,44650.08,3.2,14.63,13972,3051,31.8,313.34,-243.71,10.25,4.29,159008.12,2.16,0.69,3134
3192,理财农场,0,12187.77,3.37,15.95,3614,764,8.34,3.8,-234.88,6.87,6.9,100062.98,3.59,1.07,891
3259,奇乐融,0,4189.15,9.7,68.67,432,61,7.32,4.78,-246.38,6.46,3.95,21971.72,21.37,8.11,100
3260,国民丰泰,1,898.98,4.41,128.43,204,7,2.19,1064.18,30,10.81,2.04,2190.25,34.41,98.86,80
3271,中融通贷,0,1859,6.69,84.5,278,22,1.02,740.53,32.85,16.53,1.83,5090.19,31.27,20.66,159
3301,鱼猫金服,0,988.9,6.96,32.96,142,30,0.68,2.54,-10,9.75,2.92,3405.56,32.94,29.94,44
3309,我要投,0,908.94,7.64,39.52,119,23,1.87,2.21,0,9.29,4.17,9333.96,57.14,12.86,26
3322,好好理财,1,5185,3.44,81.02,1507,64,12.01,155.88,82.77,12,7.62,60046.82,7.06,1.91,129
3324,车赚,0,9.45,0.59,3.15,16,3,0.14,1687.93,0,14.17,1,276.1,59.36,35.07,3
3331,甬e贷,0,1299.2,2.22,28.24,585,46,0.68,1871.63,-20,10.36,1.89,3398.38,19.59,31.12,81
3344,泰山金融,0,1680,3.18,93.33,529,18,3.92,5.1,-53.7,9.18,9.2,19576.06,7.88,5.62,47
3346,钱满仓,1,6561.53,1.87,1.1,3516,5946,3.71,642.49,69.71,9.69,3.9,18571.18,22.18,19.96,275
3347,钜宝盆,0,26253.23,8.65,10.07,3034,2608,67.12,2.2,-1122.86,8,35.8,671171.56,8.31,0.03,2608
3351,车财网,0,1447.5,3.7,12.81,391,113,1.05,601.02,14.43,13.48,1.91,5240.37,23.59,18.37,155
3364,车e融,1,7735.94,10.82,53.35,715,145,1.24,224.92,103.14,10,1.12,7735.92,46.08,22.25,524
3402,猴子理财,1,10443.54,6.19,0.11,1687,98884,2,300.91,359.07,10.57,0.97,10002.32,11.16,0.02,350
3416,多多理财,1,42536.43,2.04,8.74,20869,4869,10.08,173.78,467.49,11.39,3.9,100799.34,2.98,0.9,5096
3462,德鸿金融,0,28368.68,8.81,32.99,3219,860,13.59,11.2,-657.66,9.75,5.53,67929.87,8.92,1.47,47549
3483,合众e贷,0,44890.82,4.75,0.26,9457,173191,24.77,0.2,-543.64,10.92,11.35,123839.67,3.28,0.13,802384
3510,皓添金融,0,835,12.65,64.23,66,13,0.72,2707.8,-40,13.69,9.09,3575.04,57.35,27.97,13
3513,就爱金融网,0,579,12.32,82.71,47,7,0.43,1671.74,0,8.96,3.61,2152.62,49.76,46.46,7
3558,人众金服,1,94903.5,5.53,1.22,17162,78024,21.37,1.15,2291.19,10.47,2.18,148413.14,2.34,2.95,217089
3576,百财车贷,0,1168.77,3.91,7,299,167,25.37,2.46,6.86,7.74,1.61,2993.47,41.02,11.91,172
3596,e融所,0,8840.99,0.99,1.07,8933,8229,14.12,0,-153.99,11.89,27.29,141222.14,4.25,0.45,233866
3642,口袋理财,0,140588.41,3.27,0.25,43035,553673,34.37,0,-601.26,12,1.19,171863.09,1.51,0.35,851641
3684,汇诚金服,0,3297.56,6.74,13.68,489,241,1.11,492.38,-59.3,8.67,1.82,6086.82,41.16,16.42,260
3742,爱蚂蚁,0,868,11.27,173.6,77,5,2.02,422.02,20,18.29,2.67,2022.97,45.26,100,41
3769,厚本金融,0,19940.61,1.62,0.81,12289,24732,41.59,0,-127.37,10.18,15.47,127253.46,17.04,0.12,444529
3770,多维度,0,890,10.23,19.78,87,45,4.84,5.3,0,9,6,4836.96,37.68,20.67,47
3797,金投行,0,5221.05,5.57,6.69,938,781,3.04,1.9,-200.01,7.95,2.51,91224.24,5.7,1.21,979
3841,小诺理财,1,41482.57,7.39,0.82,5613,50592,35,3.8,-1360.89,8.51,8.46,350045.34,3.11,0.18,11805
3854,财富派(京),0,7500,2.8,163.04,2683,46,8.83,227.24,18.16,8.49,2.76,17650.89,19.22,54.66,117
3859,联连理财,0,9219.46,3.69,1.83,2501,5037,6.11,8.72,-199.2,12.42,9.73,30536.23,12.52,2.08,5079
3878,车邦贷(浙),1,2585.99,8.34,43.83,310,59,1.82,178.54,15.09,14.52,2.55,5635.3,26.06,89.98,435
3917,万家贷,0,2292,4.46,88.15,514,26,1.46,536.52,-23,9.81,2.38,7311.95,18.67,13.68,146
3921,乐享宝,0,219.31,1.84,14.62,119,15,0.27,251.5,-1.81,10.39,13.38,1331.55,14.9,48.92,17
3930,郑投网,0,5658.32,4.63,115.48,1223,49,11.97,685.96,-497.03,9.82,3.31,30524.84,6.8,64.2,126
3946,异享金融,0,1058.5,9.62,17.64,110,60,1.12,57.73,0,12,4.57,3373.94,42.85,27.09,62
3948,新富创投,0,1545.05,4.24,8.68,364,178,9.47,241.5,-11.85,9.42,8.87,9468.83,30.75,2.2,210
3955,中潮金服,1,4976.5,5.22,26.05,954,191,2.09,528.82,-26.99,14.97,3.46,21961.6,19.85,37.07,222
3974,惠恩资本,0,860.2,10.62,10.62,81,81,4.22,378.57,-4.18,10.42,6.66,4215.88,5.79,5.79,81
3980,叮咚钱包,0,52627.12,3.01,0.73,17462,72510,9.8,873.17,341.5,10.1,2.58,97961.02,2.09,1.67,255
3992,小树时代网贷,0,2155.33,7.09,0.31,304,6894,6.2,5.3,-47.82,12.72,11.53,12400.2,34.36,0.14,6905
3995,冠e通,0,68435.3,3.68,173.69,18611,394,46.12,348.94,5989.35,9.91,9.61,461185.92,1.89,5.58,694
4005,首金网,0,12447.66,3.03,0.48,4112,26136,7.87,1.03,437.78,8.91,8.47,78732.7,6.97,1.4,26590
4020,创贷网,0,861.3,15.38,5.98,56,144,1.37,109.24,8.08,11.59,1.82,1502.49,54.36,57.66,204
4023,OK贷,0,417.08,1.46,6.73,285,62,10.55,2761.04,-29.6,8.94,5.2,10547.43,26.08,3.6,62
4032,财富智汇,1,4625.45,6.6,185.02,701,25,2.63,23.1,194.44,15.78,2.56,13134.12,25.9,93.35,398
4038,悦享金服,0,1917.55,7.55,33.64,254,57,1.86,55.5,-39,8.23,1.77,3718.47,30.29,26.75,217
4065,海星宝理财,1,1263.62,1.41,10.8,899,117,1.79,9166.25,32.29,12.08,6.77,5718.5,8.23,6.69,117
4103,长吉贷,0,2101.9,11.81,65.68,178,32,5.68,3313.52,100,9.36,7.28,17037.13,30.26,5.87,33
4109,国泰·惠民益贷,1,10806.34,3.13,300.18,3458,36,3.83,1234.8,-136.23,9.44,3.46,38275.23,16.62,83.74,179
4116,赢众投,0,3445,344.5,344.5,10,10,9.85,631.18,50,9.79,4.79,24614.73,100,100,84
4126,金财动力,0,741.29,4.14,19.51,179,38,1.03,887.58,-50,10.72,5.72,5149.03,19.79,44.57,45
4142,嘉石榴,0,12053.62,8.18,30.83,1474,391,11.82,54.3,-178.3,8.7,7.12,59080.39,10.43,1.69,1366
4144,前海惠农,0,6340,5.72,44.34,1109,143,6.05,281,0,11.74,5.91,30250,9.52,3.31,306
4146,小九金服,1,15460.73,12.17,7.07,1270,2186,12.1,125.3,-10.38,11.33,2.25,36307.56,67.39,2.55,2531
4147,森昊好时贷,0,4935.64,7.94,11.24,622,439,6.83,655.05,104.66,8.93,20.22,68326.36,9.65,17.28,532
4153,白菜金融,0,12824.9,3.97,6.9,3232,1858,36.79,17.19,-1179.02,8.85,8.85,202343.83,9.19,0.43,2746
4182,e葱金融,0,3209,7.41,22.28,433,144,0.63,530.2,70.01,7.76,1.42,3171.02,41.01,31.54,155
4183,易享贷,0,42.16,3.51,14.05,12,3,1.15,2808.87,-5.15,9.95,3.39,5739.38,61.33,17.42,4
4197,零用贷,1,2218.67,4,19.29,554,115,3.28,888.5,-165.5,11.75,4.65,32793.99,6.88,0.61,115
4198,升值空间,0,1492.22,5.83,62.18,256,24,5.27,2580.23,-131.25,10.28,4.47,10535.52,21.97,9.73,154
4210,农信商贷,0,470,6.53,42.73,72,11,1.46,701.3,-10,9,2.95,1461.3,56.71,64.16,33
4211,来融金服,0,1784.71,9.15,44.62,195,40,12.46,1208.13,40,10.64,6.57,12459.89,29.78,9.27,49
4215,四海众投,0,3311.9,8.45,72,392,46,1.72,4.4,43.4,10.01,2.7,8624.04,16.44,19.93,322
4223,九金所,0,1584.53,3.6,66.02,440,24,6.74,69.44,-1.36,8.88,4.53,13482.56,12.73,9.27,26
4235,普汇云通,1,17000,2.7,100,6298,170,7.21,3517.27,319.99,13.04,7.89,93730.15,5.74,3.2,170
4244,玺欢钱,0,312.92,0.91,9.2,345,34,1.95,0,0,10.95,33.95,19538.17,38.97,1.03,34
4245,洋葱先生,0,2924.11,1.12,2.63,2608,1111,1.16,0,-69.97,8.73,10.98,12349.35,8.73,8.18,25818
4246,掌众财富,0,50286.7,5.98,0.33,8412,153630,79.06,0,-1041.17,10.4,2.43,79061.14,11.29,0.05,202360
4266,有喜财富,0,1198.65,9.22,10.51,130,114,13.22,0.65,-10.27,9.81,8.3,13218.35,46.23,1.62,114
4278,米金社,0,20492.55,5.5,16.33,3726,1255,6.73,1291,111.88,7.72,2.22,33625.26,24.78,34.21,1368
4280,微镇,0,2470.66,3.95,56.15,626,44,7.4,891.08,189.99,11.89,5.2,10251.12,15.11,12.09,89
4286,金筑财富,0,12075.13,11.5,95.08,1050,127,4.22,555.7,-100,8.48,1.92,21100.91,23.14,4.74,435
4300,普惠家,0,4921,2.3,16.91,2144,291,71.25,92.8,-319,9.23,16.39,427474.86,3.44,0.23,291
4312,e资产,1,1090.46,4.04,1090.46,270,1,0.18,807.96,38.4,16.88,5.41,2392.04,23.72,100,125
4315,今金贷,1,7577,2.31,33.83,3284,224,2.47,526.31,662.01,13.68,7.07,24682.85,4.05,9.36,230
4318,玺鉴,1,4927.4,9.21,182.5,535,27,5.25,612.15,25.61,9.11,2.28,13127.34,35.26,55.82,209
4324,前沿财富,1,2326.2,4.3,4,541,582,1.22,164.31,76.99,17.47,7.23,12234.13,21.59,1.5,582
4328,私房投,0,448,5.74,49.78,78,9,0.45,801.43,0,11.85,2.87,908,50.57,90.31,46
4343,银狐财富,1,8744.7,1.96,5.5,4471,1590,6.15,76.58,-102.85,11.92,2.75,30725.52,4.29,32.02,2146
4352,互惠理财网,0,10221.61,12.42,14.58,823,701,8.26,15.86,221.17,11.2,3.81,41290.95,32.92,3.91,1196
4353,牛币网,0,894,4.1,29.8,218,30,2.37,22074.83,-46.05,8.98,2.52,2367.86,30.68,43.47,30
4367,中再融,1,5303.88,1.92,18.88,2764,281,1.25,377.71,-63.3,10.2,3.26,12474.82,23.09,4.64,456
4387,聚宝珠,0,2530.24,7.64,23.65,331,107,0.54,3341.44,1503.51,10.65,6.92,2704.15,27.42,68.08,129
4389,新升贷,0,22912.22,80.39,4.91,285,4667,7.3,7.16,-270.58,12,1,36514.9,71.91,1.59,5044
4390,合家金融,1,38575.23,4.28,2967.33,9014,13,42.73,2188,-645.35,9.05,6.52,213650.42,2.96,98.65,324
4403,钱哆拉,0,2350,2.4,87.04,979,27,2.29,1870.2,-72.98,9.1,5.49,22900.77,22.71,4.37,49
4412,沙小僧,1,2912,2.36,69.33,1235,42,6.21,2463.46,-98.2,11.52,7.13,31035.26,4.17,3.22,44
4420,金盈所,1,14998.53,4.25,1666.5,3525,9,20.29,679.25,-36.94,8.14,6.11,101431.68,3.89,83.35,974
4439,深创金服,0,520,5.1,260,102,2,0.21,8936.55,61.97,10.34,2.73,1064.41,39.38,100,22
4531,荣通宝投资,0,113,5.65,22.6,20,5,0.33,1230.51,-39.13,9.97,4.78,1659.43,88.42,94.69,8
4535,中平金融,0,1530.19,10.27,43.72,149,35,1.17,5.41,143.4,7.2,6.29,11742.55,26.51,8.52,41
4539,橙天金融,0,800,10.26,100,78,8,1.67,48.4,-105.23,9.38,10.75,8366.86,22.38,11.95,8
4548,钱来也,0,279.9,4.83,34.99,58,8,0.13,2329.9,-20,10.43,2.38,1327.5,50.4,63.77,9
4566,蓝鲸金融,0,1851.12,2.66,66.11,696,28,2.51,1680.5,-50,8.24,4.22,7526.93,13.68,13.29,40
4577,脐橙金融,0,1205.5,2.88,9.2,419,131,1.55,788.6,12,10.17,5.29,7740.44,20.4,12.92,178
4580,海贷金服,0,2134.3,34.99,24.82,61,86,0.54,0.52,-39.8,13.86,2.45,2722.15,89.26,44.08,229
4582,爱理财,0,4259,9.4,39.8,453,107,1.66,343.39,-80,7.92,2.32,13288.06,15.86,19.87,222
4621,太空马,0,196.46,1.02,19.65,193,10,0.64,1157.88,10.58,8.07,2.82,6406.42,76.84,56.28,18
4631,银承派,0,5456.48,5.92,5.46,921,1000,2.7,1.5,-323.42,9.89,2.08,14192.28,51.71,6.66,30248
4650,花生米富,0,20009.95,11.77,0.21,1700,94989,43.15,0,-1126.97,11.15,1.84,43153.16,14.35,0.05,129497
4651,智佳金服,1,3537.9,0.47,13.1,7604,270,3.25,658.66,23.74,11.63,4.75,16269.2,6.5,5.39,272
4662,现代众车在线,1,3529.16,3.8,10.08,928,350,2.66,682.58,10.72,11.24,5.21,13277.65,11.9,5.08,371
4683,赢盈在线,0,710,15.43,32.27,46,22,0.29,0,0,9.4,2.2,870,25.51,60.35,22
4821,憨豆金服,1,308,5.6,22,55,14,1.82,1167.89,-20,10.91,3.22,1819.99,37.79,59.99,15
4843,便民投,0,390,5.74,65,68,6,0.49,638.32,-100,10.14,5.23,1477.94,31.19,67.66,9
4982,米庄理财,0,27141.73,4.43,0.22,6121,122833,35.25,0.6,-574.4,8.69,6.81,176263.08,2.92,0.1,209693
5070,千林贷,0,3012.3,9.18,33.85,328,89,1.08,909.3,-32,10.83,8.21,10757.2,17.29,9.3,95
5086,58红利,0,547,2.82,78.14,194,7,8.35,1090.52,-57,8.03,9.35,8354.91,9.3,11.97,9
5133,善林宝,1,7575.6,4.14,0.24,1832,30992,0.13,9.93,-49.59,7.45,3,15014.94,10.27,44.07,36666
5164,财小主,0,2314.3,8.73,66.12,265,35,2.13,697.19,136,10.97,3.92,10640.67,23.8,34.62,175
5216,E都市钱包,0,25614.83,3.83,0.33,6693,77133,3.23,9.3,945.47,9.11,0.98,32336.48,8.28,0.06,98904
5258,金元宝理财,0,8019.09,2.78,11.86,2880,676,10.23,50.8,40.56,11.2,10.03,53827.68,5.63,1.86,676
5310,花虾金融,0,80720.29,2.42,1.4,33387,57807,128.19,0.6,31.99,6.96,34.13,640963.21,3.07,0.04,374883
5355,米族金融,0,1652.09,2.47,0.17,670,9707,1.94,5.5,-60.17,8.61,0.44,9716.32,19.87,0.9,15113
5392,城铁在融,0,19393.47,10.85,89.78,1788,216,6.42,4.76,-120,13.08,2.5,42443.71,11.51,2.36,416
5514,改革牛,0,500,11.63,50,43,10,1.13,1302.6,0,10.98,5.82,3490,63.09,28.65,20
5525,元泰金服,1,846.18,2.6,12.63,325,67,1.1,345.22,10,8.98,4.07,10950.24,12.4,42.88,80
5546,海鸥金服,0,1089.59,15.35,18.16,71,60,0.26,99.33,41.05,9.92,1.92,1285.22,55.07,39.37,130
5588,念钱安,1,11267.57,3.77,22.31,2992,505,5.41,837.02,3.32,11.04,3.08,27046.53,7.52,35.48,737
5653,相融网,0,2750,9.52,91.67,289,30,6.11,5.38,0,10.05,4.07,7419.97,31.84,16.17,30
5655,平太金服,0,430,9.35,53.75,46,8,0.43,162.18,-40,9.45,2.49,850,53.67,100,12
5658,洋钱罐,0,264943.02,4.27,0.32,61999,836433,43.22,0,1347.14,9.42,7.6,432184.15,1.85,0.02,1524573
5715,苏诚金融,0,1512.84,3.48,18.91,435,80,2.38,12,-14.69,12.15,7.69,11908.44,20.84,8.4,98
5724,你我金融,0,1320.19,1.63,0.67,809,1985,21.06,68.4,-85.22,11.36,10.15,21864.14,13.83,1.86,1992
5728,无忧车贷,0,2190.8,1.8,8.59,1214,255,1.02,3.49,73.98,13.85,8.3,10203.6,8.55,4.27,270
5736,亿亿理财,0,1437,19.16,39.92,75,36,0.63,2284.8,18,9.45,4.65,6262.11,82.33,54.79,75
6227,瑞达金服,0,614.96,10.42,9.32,59,66,0.19,359.9,13.07,12,3,949.81,47.23,20.39,68
6287,峰向标,0,5251.41,3.85,40.09,1364,131,11.23,11.3,-1.76,10.2,29.1,56167.63,5.45,1.78,131
6297,贴身贷,0,129.84,9.27,4.64,14,28,0.17,583.79,1,10.42,5.61,508.34,85.84,45.64,30
6302,诚成贷,0,2175,9.38,49.43,232,44,2.1,19.7,660,7.51,4.21,10490.66,13.9,17.64,47
6304,国艺金服,0,235,5.47,47,43,5,1,499,0,9.99,5.17,2998.27,42.55,33.34,6
6369,善林财富,1,44756.78,2.71,0.23,16518,196894,1.47,7.03,1541.04,9.21,10.9,175830.26,1.95,0.64,199573
6392,通通理财,1,7831,4.51,391.55,1735,20,1.57,715.6,60,10.2,2.41,15666.27,34.77,94.24,404
6393,虎融宝,0,100,2.7,33.33,37,3,0.18,3322.7,0,11.3,3.9,884.99,0,90.96,4
6398,链链金融,0,3609.3,1.56,7.01,2321,515,12.88,0.74,-3.15,6.19,39.28,38647.4,13.85,0.52,3788
6441,商赢金服,0,202.8,4.61,8.45,44,24,0.05,148.99,-2.56,7.97,2.96,765.49,59.65,26.04,24
6483,威阳普惠,0,1540.3,2.61,16.56,591,93,1.88,243.3,-56.22,10.43,20.07,11257.51,19.13,9.42,97
6499,恩科e贷,0,1280,4.46,20,287,64,3.31,124.6,0,9.09,6.8,16540.16,4.27,1.69,64
6532,铜钱贯,0,3000,11.11,48.39,270,62,1.32,808.9,-8.99,9.29,8.14,15863,17.46,12.36,184
6533,银谷在线,0,57792.42,1.39,0.81,41591,71061,83.48,6.1,-1223.51,9.8,34.62,834797.13,0.82,0.76,109571
6539,车行金服,0,2062.5,9.25,11.99,223,172,1.12,200.5,15,16.58,2.4,5599.17,24.78,9.6,187
6592,前金融,1,11657.83,3.16,159.7,3688,73,4,372.88,185.34,12.3,3.73,31991.14,5.05,63.02,510
6612,银信私人财行,0,435.3,2.47,14.51,176,30,0.48,1214.5,-60.17,9.44,9.31,4761.12,17.47,14.02,30
6614,银强金融,0,2398,3.85,22,623,109,0.4,986.54,-10,10.43,0.78,2024.01,55.1,45.65,111
6655,用呗金融,0,26,1.44,6.5,18,4,0.15,3.9,0,12.55,6.46,461,53.87,45.34,4
6683,多啦理财,0,1719.75,12.2,0.48,141,3551,0.92,2.2,-41.24,8.9,10.91,9208.4,68.3,0.22,3551
6685,几何金融,0,285,7.31,57,39,5,0.38,1359.45,0,8.23,3.74,3842.96,75.38,82.25,7
6746,汇诚普惠,0,185.22,8.82,18.52,21,10,0.16,677.7,0,9.96,8.23,814.19,77.98,87.76,11
6777,笑脸金融,0,81182.23,6.89,0.33,11787,246384,26.35,1.2,-2339.16,8,2.06,131746.46,2.42,0.13,302728
6876,粤盛金融,0,430,6.42,35.83,67,12,0.32,2141.76,0,10.19,3.51,1585.01,51.32,49.21,14
6881,滚雪球理财,0,2635,1.44,85,1825,31,4.7,1445,-7.4,7.7,5.82,23482.53,6.48,4.26,57
6886,包公有财,0,2336.36,2.13,0.38,1098,6120,0.86,0,0,10.1,4.76,4311.69,13.62,0.51,6120
6890,红小宝,0,4843.57,0.93,5.91,5232,820,7.03,0.1,-52.98,12,36,140633.84,2.38,0.12,820
6955,土土金服,0,3585.46,13.43,8.9,267,403,0.76,220.49,114.5,12.05,2.57,7615.26,89.82,19.56,403
6962,油界贷,0,3990,8.81,86.74,453,46,26.46,16.4,150,11.03,13.16,26460,8.17,3.78,46
7010,云端金融,1,39280,4.54,4910,8643,8,2.79,709.28,-739.94,12.32,1.53,55729.93,3.58,1.83,579
7029,51财融融,1,2932,4.57,43.12,642,68,0.26,452.87,109,9.97,1.24,3065.08,29.92,32.95,214
7045,凹凸凹金服网,0,1080,11.61,98.18,93,11,0.43,5151.3,0,8.2,3.96,2482.02,45,40.29,11
7075,玛瑙湾,0,128614.47,4.59,0.41,28034,314502,29.69,0.3,-767.71,6.61,3.73,296928.51,1.6,0.33,361914
7092,小鸽理财,0,18.39,1.41,2.3,13,8,0.64,0,-27,10.34,4.01,3177.49,74.08,31.47,25
7145,鑫银宝,0,891,9.19,21.21,97,42,1.08,973.5,-42.91,11.84,3.86,3244.02,39.34,19.04,42